alignment	length	pval	dmel_cpg	dsim_cpg	dyak_cpg	dmel_len	dsim_len
FBgn0037739-0.fa	350	0.052893461485368824	0.851774800640291	3.9395720028068966	3.9395720028068966	0.09836771746311165	0.09454105743037348
FBgn0036597-0.fa	328	0.33570254869075417	1.0000003405404933e-06	1.3120247421474487	1.3120247421474487	0.019573933918508882	0.006633806437697583
FBgn0027945.fa	474	0.06763933880621383	4.750490693836414	49.99999999986197	49.99999999986197	0.8439638500517692	1.5483120058524362
FBgn0037606-1.fa	708	0.17140337649568016	12.108738732066836	1.0000187553507402e-06	1.0000187553507402e-06	0.029926733943517546	0.03483340273713629
FBgn0037943-0.fa	308	0.8020277439975227	0.7115405290911605	0.9156722369255337	0.9156722369255337	0.7067092068186404	1.000000921693068e-06
FBgn0051741-1.fa	600	0.1644349649988494	8.404063323558542	49.999999999735515	49.999999999735515	0.024188836000350336	0.006780288954100732
FBgn0038662-1.fa	478	0.4307230957840583	0.7169281109412214	1.7084827280625263	1.7084827280625263	0.5631753372903662	0.5419958165666997
FBgn0028662-1.fa	338	0.9999023822763499	1.0000001592864284e-06	1.000000403482533e-06	1.000000403482533e-06	0.0710459540081184	0.0771378726208224
FBgn0033812-0.fa	298	0.3746681364670993	1.1095379964358945	1.000000074075231e-06	1.000000074075231e-06	1.7009544752612995	0.13626235093288136
FBgn0033101.fa	348	0.7182919715576113	49.9999999928151	37.15846141899819	37.15846141899819	0.07213409995733996	0.041636834771019295
FBgn0033307-1.fa	302	0.601650623534403	1.0000082080529799e-06	1.5986581430114368	1.5986581430114368	1.000000679413854e-06	0.026545468896705535
FBgn0021906-1.fa	526	0.3407271990862352	3.9471925687054683	2.056596850936159	2.056596850936159	0.7244190276864537	1.9006562425514841
FBgn0053774.fa	322	0.24809123700001276	0.4110640732979638	0.8481161421626554	0.8481161421626554	49.99999999988072	1.7566838922970287
FBgn0037702-1.fa	692	0.01976491603943333	8.614742767828409	0.9457025451822121	0.9457025451822121	1.5134366681490456	1.3751583450524423
FBgn0027493-1.fa	444	0.6978364818681968	0.7931630406567165	1.6312857217109937	1.6312857217109937	0.09846633688863259	0.06536779320348977
FBgn0001308-0.fa	340	0.9999633086829738	1.0000000240180522e-06	1.000000291836827e-06	1.000000291836827e-06	0.011861453455333789	0.01767958343967461
FBgn0031497-0.fa	344	0.5937106951178348	49.999999999793474	1.0000473011486125e-06	1.0000473011486125e-06	0.041454001958451635	0.059232970417775734
FBgn0033500-0.fa	552	0.8984483265479586	0.35101213567849054	0.6968287269982171	0.6968287269982171	1.000005828070242e-06	0.02971475337665618
FBgn0032042-1.fa	376	0.9997614809907338	1.0000021755782873e-06	1.0000001872751272e-06	1.0000001872751272e-06	0.09342701626880302	0.04177272989535426
FBgn0031478-0.fa	458	0.9988079852046803	1.0323001840724021e-06	1.000000420708073e-06	1.000000420708073e-06	1.000000010212036e-06	0.035256053810641654
FBgn0033501-1.fa	352	0.848621598115286	0.8496270804716884	1.0000001019945749e-06	1.0000001019945749e-06	0.0348443183151771	0.06614862543038742
FBgn0032940-0.fa	292	0.5310093960208379	1.0000008870130971e-06	5.1322883026779635	5.1322883026779635	0.10111675046965556	0.32626043494171014
FBgn0034694-1.fa	302	0.690694897335	11.497960847392743	6.761705090409898	6.761705090409898	0.816252036317216	1.1774501216477
FBgn0032665.fa	326	0.20370985842021688	0.5982846002364173	1.0000000820033661e-06	1.0000000820033661e-06	0.12585483043695206	1.000009438509309e-06
FBgn0036515-0.fa	308	0.2811939687379141	49.99999999983648	1.0000012575315623e-06	1.0000012575315623e-06	1.000000577432158e-06	5.196128436051814
FBgn0046114-1.fa	628	0.8254823621795064	1.875688636094834	1.5450329182903482	1.5450329182903482	0.04614259435121262	0.025185549720289253
FBgn0264978-1.fa	374	0.6591518603157791	0.8157100814948859	1.0000008682893453e-06	1.0000008682893453e-06	0.10353321880363839	0.07655586889488668
FBgn0015019-0.fa	440	0.3077159923446483	1.0000038164290057e-06	1.0571719607512065	1.0571719607512065	0.0546880378652756	0.04794958165031699
FBgn0029176-0.fa	360	0.9975529844658224	1.5940336446716977e-06	2.128633768718039	2.128633768718039	1.0000075112282258e-06	0.14073502638429888
FBgn0037492-0.fa	428	0.6854971319600627	0.5206940106612433	1.103142000094456	1.103142000094456	1.108772844581931	0.9986799455760281
FBgn0039875-0.fa	400	0.7186047850306252	1.3164620730662295	0.7424644793919949	0.7424644793919949	0.039738287831749035	4.8803809390257324
FBgn0034590-0.fa	404	0.48352163283613314	1.0001789200985372e-06	49.99999998425282	49.99999998425282	0.022436589312104717	0.017316294982014837
FBgn0043012-0.fa	332	0.7213012095819666	0.5047741716964446	0.9289122233775358	0.9289122233775358	0.07202892395406232	0.018362947601905134
FBgn0005672-0.fa	384	0.9992496287589476	1.0000003227581183e-06	1.000000382448758e-06	1.000000382448758e-06	0.6464610040210664	0.5977423488815737
FBgn0027580-0.fa	404	0.5443801578395664	49.999999997686466	16.394112694036757	16.394112694036757	49.99737611960055	1.0000000000037635e-06
FBgn0037329-1.fa	438	0.3804782133550615	0.5832338171485268	1.0009567717639183e-06	1.0009567717639183e-06	0.04758627282233015	0.0842748756294117
FBgn0034913-1.fa	408	0.28768558668641236	4.84654929318115	15.786279984075877	15.786279984075877	1.0000000127582169e-06	0.08611730447701463
FBgn0030403-1.fa	378	0.8330487542268968	0.1784794587041011	1.0000011327686547e-06	1.0000011327686547e-06	0.35741567710202915	0.6314213392108449
FBgn0027095-0.fa	298	0.1122107216632312	1.000003400676971e-06	1.558440894926281	1.558440894926281	0.07439954770490392	0.04722297621568586
FBgn0000489-0.fa	474	0.9999976546808437	1.0000012108268699e-06	1.0000022684038286e-06	1.0000022684038286e-06	0.3363490239805781	0.5184050286789067
FBgn0259178-1.fa	376	0.25650166491354803	1.0000002954449624e-06	0.42938249509444637	0.42938249509444637	1.0000020059446615e-06	0.03847760069970496
FBgn0023540-1.fa	338	0.296893742089862	2.1648050279338467	1.0000003877888278e-06	1.0000003877888278e-06	0.04361223843578385	0.006201323389103507
FBgn0263606.fa	302	0.9996138886981757	1.0000000852967622e-06	1.0000000141376073e-06	1.0000000141376073e-06	0.06978285029465321	0.035376079077205275
FBgn0037980-0.fa	328	0.29607437702500533	0.3595713507265891	2.220203512612168	2.220203512612168	49.99982483669507	1.0000106122587632e-06
FBgn0263602-1.fa	430	0.11889288123099392	49.99999999999999	1.5842286865287472	1.5842286865287472	0.03571867548845112	0.04559976063367832
FBgn0051347-0.fa	354	0.45682316207625406	2.1043341005319767	3.340010941118819	3.340010941118819	1.0000022414536327e-06	0.07542399942831407
FBgn0034401-1.fa	358	0.9994707287276138	1.0000007177108086e-06	1.0000003706663882e-06	1.0000003706663882e-06	0.07871041227616794	0.03332422122615625
FBgn0032886-1.fa	464	0.888162506439224	4.097952195320446	1.911248812242952	1.911248812242952	0.1447350104385509	0.3826508747171103
FBgn0035772-1.fa	726	0.8019740644681983	1.668781926966326	1.3280049481425336	1.3280049481425336	0.20599424635621025	0.20174018930339413
FBgn0039402-0.fa	350	0.9999007747777536	1.0000022998187729e-06	1.0000005587340052e-06	1.0000005587340052e-06	0.04036349063215769	0.054629597211787076
FBgn0000715-1.fa	390	0.9995828818239418	1.000000120925894e-06	1.0000000080284033e-06	1.0000000080284033e-06	0.0622869825884399	0.007295491313866534
FBgn0037670-0.fa	312	0.3822614475529844	0.539628762594079	3.0335460179085914	3.0335460179085914	0.056167274379251675	0.1271689194951252
FBgn0029913.fa	328	0.8422228191055467	0.3143021880528071	1.000004447919169e-06	1.000004447919169e-06	0.8629160410766414	0.09497242813969856
FBgn0259876-0.fa	354	0.4631555747759426	1.0000000282607689e-06	0.42879877226727664	0.42879877226727664	0.170072002929639	0.18931298749043812
FBgn0259749-0.fa	314	0.5289465230460924	1.8177267687844725	1.0000012441412398e-06	1.0000012441412398e-06	0.03795871437199156	0.04157094996869115
FBgn0034271-0.fa	300	0.5959017039137897	1.144364510826188	1.00000053516014e-06	1.00000053516014e-06	0.06642508457870705	0.04586235157658309
FBgn0026666-1.fa	330	0.4291563652124205	1.000000449055177e-06	0.9292587364794127	0.9292587364794127	0.03688811311127907	0.03155941310348187
FBgn0033672-0.fa	300	0.7336532330637081	2.0717311626655475	1.0000089864513378e-06	1.0000089864513378e-06	0.11812518714184474	0.0467833385094235
FBgn0010611-1.fa	446	0.675823477357208	1.7638935621882847	1.000001492232535e-06	1.000001492232535e-06	0.048825286121653905	0.04233271316158337
FBgn0033449-0.fa	300	0.9999922494200435	1.0000002147757709e-06	1.0000000446998844e-06	1.0000000446998844e-06	0.059560090559498916	0.07157809529588835
FBgn0031377-1.fa	322	0.999529188793538	1.0000008483697636e-06	1.0000001554709465e-06	1.0000001554709465e-06	0.026245571902578823	0.03439438502568452
FBgn0015828-0.fa	370	0.9831257705990935	13.139842802195624	13.528593257028223	13.528593257028223	0.7746931071728622	1.0906953400436272
FBgn0035025.fa	328	0.5864912265699693	49.999999998784546	16.653037753066673	16.653037753066673	16.101905707483574	0.550658405982844
FBgn0033428.fa	360	0.569429023403196	2.4349777355139635	1.5243301827028326	1.5243301827028326	0.3063593649858652	0.3978932941782768
FBgn0011305-1.fa	312	0.9311101811679754	0.5649356422254671	0.6291568460464281	0.6291568460464281	1.6879482598010334	1.4119769224863965
FBgn0003011-1.fa	378	0.2261891886546679	1.0000012337126337e-06	1.5812386586169027	1.5812386586169027	0.09277355985397442	0.006697379460187888
FBgn0025335-0.fa	300	0.9221810473176648	2.00907258111321	1.830834795441451	1.830834795441451	0.5382408740953574	0.5574231863089486
FBgn0036372-0.fa	518	0.9996761210824361	1.0000118068526797e-06	1.0000564244288448e-06	1.0000564244288448e-06	0.02742483422449025	0.01798397645695455
FBgn0036688-0.fa	596	0.5326675666401777	2.694715290461939	0.965571393535581	0.965571393535581	0.02955250211790754	0.0434367908361823
FBgn0037963-0.fa	722	0.8087698587612289	30.511146066905035	3.4113693630257704	3.4113693630257704	1.0000069052933812e-06	0.38497522913152227
FBgn0002791-0.fa	312	0.4974373860047664	2.441617030975882	1.6899965721619745	1.6899965721619745	0.4290154961851401	0.3326468672980253
FBgn0288846-0.fa	332	0.6032823448584105	2.8156988489119716	1.000002991501724e-06	1.000002991501724e-06	0.0622246026563968	0.044394175007866146
FBgn0284235-1.fa	452	0.9999933555341721	1.0000001197968948e-06	1.0000004233699572e-06	1.0000004233699572e-06	0.02752664124511554	0.008709265166503314
FBgn0031041.fa	474	0.36041026756036165	1.2812602656193892	0.021852613353483923	0.021852613353483923	0.7794465648197583	0.7786753637475704
FBgn0035909-0.fa	330	0.6623316865558613	2.9045802768851634	5.7620348836174795	5.7620348836174795	0.047288932880146524	0.043433554889516765
FBgn0037488-0.fa	364	0.5516816092596251	1.182912834389431	1.9156872795092406	1.9156872795092406	1.0000034825224473e-06	0.04382591418628733
FBgn0051961-0.fa	368	0.7072654905964411	1.0000030167391996e-06	1.0382861033532595	1.0382861033532595	0.07983077498059234	0.06879476495860934
FBgn0015582-1.fa	362	0.9997090159767169	1.0000001104234423e-06	1.000000389074106e-06	1.000000389074106e-06	0.0785731555525424	0.06646597516528842
FBgn0047334-0.fa	354	0.7409613491006204	1.812010136966346	2.4637583597726587	2.4637583597726587	0.09351333248123318	1.0000000083256784e-06
FBgn0067782-0.fa	296	0.7120092788519607	10.305874460169784	6.555968788677111	6.555968788677111	0.07294165536794213	0.04659758082481317
FBgn0037918-1.fa	352	0.9998544171049787	1.0000003343113266e-06	1.0000019619047766e-06	1.0000019619047766e-06	0.03636554086275427	0.006361407867120486
FBgn0034708-0.fa	382	0.9082393620786194	0.3938695847937437	0.32191594764268566	0.32191594764268566	0.3434387615320375	0.3871834123380401
FBgn0031566-1.fa	536	0.12694733005406406	1.0000008433567452e-06	0.9656382703918899	0.9656382703918899	0.1028401645531426	1.0000044038905903e-06
FBgn0014469-0.fa	558	0.6993964159850479	1.0000130650049073e-06	0.3687421743452516	0.3687421743452516	0.14342312596670181	0.1644669023853813
FBgn0036133-0.fa	364	0.9998028921907605	1.000002317249645e-06	1.0000138214374195e-06	1.0000138214374195e-06	0.10350512031332465	0.06246714579998595
FBgn0025820-0.fa	318	0.9205964629347929	2.2772079817464284	2.6364056508234537	2.6364056508234537	0.053552997511309444	0.05167547495554823
FBgn0015296-1.fa	360	0.4055615702903318	10.418513773035148	16.660574592250153	16.660574592250153	0.051873968381950665	0.02039985800658255
FBgn0038654-0.fa	338	0.6814832258771885	1.004000132145036	1.4572591842124027	1.4572591842124027	1.0000003973702421e-06	0.07615851293344135
FBgn0250786-1.fa	1028	0.3311491857951602	26.38007942436637	12.896738563350084	12.896738563350084	1.3136642322723378	0.7053533935066809
FBgn0040575.fa	352	0.4594316210827848	2.049715774320905	1.1353166343532044	1.1353166343532044	1.0000045048559435e-06	0.09455404676454039
FBgn0026372-1.fa	444	0.7814844959411821	0.8252738587336692	1.00005540556102e-06	1.00005540556102e-06	0.045731853566217104	0.037263662578085194
FBgn0038316-0.fa	348	0.4525296478327172	2.8034118816923725	0.9718079583617071	0.9718079583617071	0.6640213068209766	0.6603371076696147
FBgn0035227-1.fa	338	0.4362098740105673	0.8066284722828032	2.520216766574658	2.520216766574658	1.2053333785378853e-06	0.1694800549336985
FBgn0029711-1.fa	358	0.6532061235070531	1.0000270577296341e-06	0.6580952743176642	0.6580952743176642	0.05451762622040719	0.24423098846689822
FBgn0038388.fa	680	0.4449051825081537	0.5655892001049078	1.2915499838253195	1.2915499838253195	0.19449387250116817	0.11938159836366119
FBgn0038603-0.fa	560	0.9158707614781385	1.8125079905792887	1.0000211177985969e-06	1.0000211177985969e-06	1.8004296904275334	1.0000009322200564e-06
FBgn0034573-1.fa	328	0.6207351447920364	2.2887746959454653	4.132388515099034	4.132388515099034	0.013181336821050391	0.018964400943252933
FBgn0036488-0.fa	340	0.04002019122011938	1.000000320255211e-06	2.043617358682731	2.043617358682731	0.06842915308045831	0.050087911083560636
FBgn0033665-0.fa	570	0.7345676121224864	1.0062114636592001	0.533231301122323	0.533231301122323	0.4907479092073749	0.5605358668923767
FBgn0038053-1.fa	408	0.9886888482541081	14.290182381392501	14.163948098725214	14.163948098725214	0.06245176895175934	0.03711208596753717
FBgn0021967-0.fa	450	0.720129330089949	1.652686409184224	1.2695105885280011	1.2695105885280011	2.044849419868987	2.1088276643824413
FBgn0002354-0.fa	296	0.6939012269951135	3.3839513508867487	6.036821743982587	6.036821743982587	0.1435133574084529	0.021593664569683594
FBgn0037934-1.fa	330	0.5287522095440433	1.0000000581420374e-06	1.0168063804696765	1.0168063804696765	0.07277098420850049	0.06469136667570223
FBgn0038511-1.fa	368	0.8115665731845259	0.45971515327628126	1.0003981294984739e-06	1.0003981294984739e-06	0.011234250210074638	0.0558863107945632
FBgn0013323-1.fa	380	0.4711244124996671	4.111490064402295	5.712058752161418	5.712058752161418	1.0000075907378082e-06	0.12062961324823301
FBgn0037606-0.fa	456	0.16858464058961314	1.000000131547694e-06	1.5316471965466962	1.5316471965466962	0.14756329354490388	0.01778772266210863
FBgn0031878-1.fa	366	0.4267876510591907	2.417633423011744	1.0000005275497418e-06	1.0000005275497418e-06	0.045045039239438145	0.04522015111230773
FBgn0035529.fa	480	0.1650636889892503	1.0000003903182829e-06	6.1995683382235365	6.1995683382235365	0.03426970849163306	0.04085341400624803
FBgn0034704-0.fa	342	0.9995684820933642	1.0000002906589903e-06	1.0000000628066832e-06	1.0000000628066832e-06	0.07535209268803406	0.08766315578450273
FBgn0035945-0.fa	478	0.6420874078337363	0.9479399734231132	1.7851333459590129	1.7851333459590129	0.03936973244019634	0.030127314819775965
FBgn0034968-0.fa	484	0.14271407738515782	7.788734227525164	1.0000010789746233e-06	1.0000010789746233e-06	0.18355660460511325	0.47762520567104405
FBgn0085476-1.fa	304	0.18714502207185607	1.029093382227844	49.99999999959283	49.99999999959283	3.1774363550603324	1.0000048980795793e-06
FBgn0020510-1.fa	326	0.6653371694359271	1.0549931834542567	1.5121657143171148	1.5121657143171148	0.04491817991536942	0.020678438877423204
FBgn0027493-0.fa	644	0.7601328882130617	1.2339902248011634	1.5730264044690039	1.5730264044690039	0.13022009327463543	0.04174838095658109
FBgn0037539-0.fa	298	0.05134805909969841	1.0000042002086413e-06	22.8416984348417	22.8416984348417	0.07552385151937407	0.05255020747243563
FBgn0261015-0.fa	414	0.9385731965439283	0.06378380129463068	1.000000232404031e-06	1.000000232404031e-06	0.44216148203535527	1.0000002438028304e-06
FBgn0262839-1.fa	492	0.9992407463494355	2.1748558363316682e-05	1.65391837080943e-06	1.65391837080943e-06	1.0000041646183502e-06	0.033290380093268054
FBgn0261279-0.fa	612	0.5324076584158275	1.3482098126055817	1.0000224939859605e-06	1.0000224939859605e-06	0.04709419701787563	0.02317596067971809
FBgn0027538-1.fa	572	0.9117863069201697	0.15750011674371725	1.0000419708865372e-06	1.0000419708865372e-06	0.053710106840602324	0.014544126710740625
FBgn0035206-0.fa	430	0.26186672235404895	49.999999999973305	29.090755858434516	29.090755858434516	0.033881469876200304	0.09151891978017043
FBgn0032444-1.fa	302	0.9997202038494301	1.0000000560351023e-06	1.0000000727332163e-06	1.0000000727332163e-06	0.04254437889210447	0.0466195745561515
FBgn0033413-0.fa	538	0.12423438311916014	1.000000062105969e-06	1.905596472646399	1.905596472646399	0.05129748540079003	0.03875902908808044
FBgn0015521-0.fa	458	0.8790291433760561	1.3353677402025967	1.1445706347978708	1.1445706347978708	0.026204830965658107	0.07137829506521647
FBgn0017566-1.fa	316	0.173845270702653	1.0000057435811994e-06	2.2800322480689226	2.2800322480689226	0.03795009981979531	0.07476183129668033
FBgn0003676-0.fa	532	0.0027075045142465827	1.000020447418188e-06	5.899914316620618	5.899914316620618	0.05022924117779508	0.04159118884439668
FBgn0027329-0.fa	322	0.44959539432321494	1.6361093171848964	1.0000030603504201e-06	1.0000030603504201e-06	0.09510251730035367	0.11225697666078233
FBgn0067864-0.fa	346	0.2865107393236322	7.136199599825424	2.666064620134793	2.666064620134793	0.05683009164142857	0.02510994681098372
FBgn0035251-0.fa	424	0.04224575626100963	1.0000004475640528e-06	1.2636055993108684	1.2636055993108684	0.05646069102841442	0.014653683112088577
FBgn0033243-1.fa	466	0.543008600725642	1.04335555904971	1.0000048349731175e-06	1.0000048349731175e-06	0.026172424403393835	0.02660685149261205
FBgn0027503-0.fa	418	0.13197399613616087	1.3561047971104763	1.000000086261578e-06	1.000000086261578e-06	0.054557993916095594	0.031272469070582905
FBgn0038233-1.fa	374	0.9737727972317596	1.0100226626917388	0.8798208671483185	0.8798208671483185	0.04226173233368498	1.000007602028002e-06
FBgn0039321-0.fa	344	0.9814190086336054	10.105743149994213	9.8743495210723	9.8743495210723	0.6176246569125441	0.6486742523704293
FBgn0003660-0.fa	342	0.07322422274374514	0.04086938497194828	3.30114726678189	3.30114726678189	1.0000076477787054e-06	0.032013013316008886
FBgn0036368-1.fa	304	0.29200862430617863	1.0000090614965988e-06	49.99999999920394	49.99999999920394	0.0326005721943366	0.06853135758573642
FBgn0033272.fa	592	0.5601195451927972	1.1268115175037288	0.06476687035095395	0.06476687035095395	1.651711493229144	0.2565715267472614
FBgn0029137-1.fa	418	0.4595335894442253	1.4212371094863703	1.00004190069536e-06	1.00004190069536e-06	0.0562851671986865	0.043826801037369856
FBgn0035617-0.fa	376	0.05700797800999197	1.9900991349036907	1.0000001101307128e-06	1.0000001101307128e-06	0.4789738646478899	2.7480164377563274
FBgn0036579-0.fa	390	0.9997584800723713	1.0000033882782778e-06	1.000002175267863e-06	1.000002175267863e-06	0.07312747705056653	0.09065358724816454
FBgn0030341-1.fa	298	0.9996838927726511	1.0000004122818e-06	1.000000114107868e-06	1.000000114107868e-06	0.059218442339937644	0.07191212654661935
FBgn0015838-0.fa	338	0.9999528873121882	1.0000004892712273e-06	1.0000000050393579e-06	1.0000000050393579e-06	0.0520851501107915	0.02358221269588336
FBgn0052075-1.fa	330	0.719896537286316	1.6486031509722852	0.5287523070554695	0.5287523070554695	2.532782538347977	0.26429530160041986
FBgn0035866-0.fa	316	0.11616495070301358	13.078657462480159	0.8599830842670958	0.8599830842670958	1.000000000007609e-06	1.6567447488658884
FBgn0087007-0.fa	656	0.040810647463598984	1.0012218817628335e-06	3.148183277586633	3.148183277586633	0.05251143134621752	0.03286645427016288
FBgn0028541-1.fa	422	0.6203546662394055	1.0000001917252465e-06	1.1710841982494566	1.1710841982494566	0.6660856224691428	0.6764049896487497
FBgn0002283-1.fa	356	0.41495051425826057	1.0000487047402852e-06	5.533043996896581	5.533043996896581	0.042145509153115004	0.7127862605534353
FBgn0014141-0.fa	424	0.05002047071585574	49.999999999479186	1.0000018304960435e-06	1.0000018304960435e-06	1.306029248055222	1.3602618331518228
FBgn0003884-1.fa	360	0.6562551055997617	0.9475226258848238	1.4755879281079487	1.4755879281079487	0.07675503909802045	0.025960271325000846
FBgn0028487-0.fa	334	0.02436656573932383	28.462884035467376	1.963326785383181	1.963326785383181	0.07581713693396777	0.060079134433943734
FBgn0026533-0.fa	584	0.529352404509704	3.8902553484619053	2.2178720209416207	2.2178720209416207	0.02253450400967918	0.02684912362107591
FBgn0025109-1.fa	570	0.7071987876984958	2.2947052579647518	2.8494091202430916	2.8494091202430916	0.1544153544903551	0.1272067749114311
FBgn0016701-0.fa	308	0.3174361546490851	1.0000001539758186e-06	0.2937069219878201	0.2937069219878201	0.48905764864736884	3.6422368841254413
FBgn0033570-1.fa	300	0.3096468988391111	11.952394186427872	2.3731093236456116	2.3731093236456116	0.04158492329386066	0.05476047065710456
FBgn0284225-1.fa	550	0.7792954447926298	1.0000867789642667	0.7299242168221156	0.7299242168221156	0.3909958475867685	0.47325481607312053
FBgn0033434-0.fa	382	0.9999770427167866	1.0000005452106924e-06	1.0000003479240315e-06	1.0000003479240315e-06	0.037813885244015896	0.021806492722870854
FBgn0040475-1.fa	314	0.7669916315313031	2.2319482667001806	1.4746467635474914	1.4746467635474914	0.010000572865108415	0.11395598621773717
FBgn0266124-0.fa	410	0.6459564186511968	2.2737674171114794	3.689185065144842	3.689185065144842	0.04783010923121361	0.021916644516970136
FBgn0023530-0.fa	446	0.2885630150884128	1.7995580089532195	8.085634587849064	8.085634587849064	0.07896664017309514	0.047831305301398626
FBgn0010380-1.fa	406	0.7153530548542715	1.6145588266433644	2.075022539848514	2.075022539848514	0.16504908421535666	0.01816899961447581
FBgn0283471-0.fa	580	0.17826885011395693	2.163738529237094	1.0000001431065364e-06	1.0000001431065364e-06	0.4596845530264123	0.7018345495204199
FBgn0050360-0.fa	338	0.800069110807551	49.99999999994964	38.48905203311868	38.48905203311868	1.8224511459102468	1.7428452499021698
FBgn0261838-1.fa	330	0.9999852648085784	1.0000006489447483e-06	1.000000424064751e-06	1.000000424064751e-06	0.04601136862800496	0.02463692069048772
FBgn0003076-1.fa	314	0.9999025863789698	1.0000000821399396e-06	1.0000005675850332e-06	1.0000005675850332e-06	0.04890088681046439	0.06515478773854902
FBgn0035581-0.fa	382	0.9996274364018197	1.0000001932803496e-06	1.0000004231082448e-06	1.0000004231082448e-06	0.31474972622191516	0.3141018079654967
FBgn0286783-1.fa	692	0.999960107797156	1.000000758055572e-06	1.0000010141811423e-06	1.0000010141811423e-06	0.5331367034345947	0.08186457945430375
FBgn0011509-1.fa	350	0.6463347716466046	2.2280788101540487	1.6026692905282576	1.6026692905282576	1.4239038663260353	1.4552844910728084
FBgn0033497-1.fa	378	0.43957799080636917	7.22631406238827	1.0000136079185165e-06	1.0000136079185165e-06	0.7182110695035958	0.6900903430304621
FBgn0039849-0.fa	342	0.9992044470695948	0.01653842567863375	0.0005644409782161728	0.0005644409782161728	0.15263157850617332	0.2365226392290959
FBgn0032005-1.fa	338	0.9989843281383868	1.0000001896122501e-06	1.0000000750777713e-06	1.0000000750777713e-06	0.051938255106956134	0.04798878086036233
FBgn0035169-0.fa	388	0.1423831896248893	6.874877109144292	1.000019201118766e-06	1.000019201118766e-06	1.4763095359613012	1.47623988951497
FBgn0026250-0.fa	340	0.9999612060345786	1.0000002598312361e-06	1.0000008230886283e-06	1.0000008230886283e-06	0.06355265759394906	0.0593585569912434
FBgn0035410-1.fa	330	0.4133666647783738	35.62466251517005	20.514647359672008	20.514647359672008	0.04050203749241963	0.052125218303977025
FBgn0027568-1.fa	326	0.4975826008055019	1.0000022371305324e-06	7.007449361857635	7.007449361857635	0.05213076987018665	0.03596588851749558
FBgn0034914-0.fa	484	0.5812659428146777	49.99999999971895	0.9194816068524944	0.9194816068524944	0.002603342127341225	0.07356983549700352
FBgn0263351-0.fa	318	0.4451016124087168	1.2172805384930176	1.0000021343772165e-06	1.0000021343772165e-06	0.06635905634561383	0.05794954403008119
FBgn0035761.fa	334	0.7481036474335294	1.7353101150238022	1.373123570439303	1.373123570439303	2.0527585861040616	1.9825923960511593
FBgn0039636.fa	442	0.11367569962350432	11.824370959078827	0.7580760780766812	0.7580760780766812	0.028959602802380288	0.04631373094694675
FBgn0260012-1.fa	752	0.9990128198443314	1.00000026729188e-06	1.0000003730001702e-06	1.0000003730001702e-06	0.4036784172584716	0.7549324656876323
FBgn0041706-1.fa	340	0.45790578946747373	3.8188290194684824	1.8849941518357283	1.8849941518357283	0.06511615024204163	0.049441393905052713
FBgn0260229-1.fa	310	0.9998949335044949	1.0001626860982443e-06	1.0000005279505165e-06	1.0000005279505165e-06	0.038999615248800946	0.05799151615974604
FBgn0000565-1.fa	404	0.3545320728579021	1.4466619075257794	0.7569398612738436	0.7569398612738436	1.0000141170496374e-06	6.529360996568155
FBgn0014930-1.fa	394	0.3218903476433076	4.060764193645754	21.273491907361297	21.273491907361297	0.0479524877023816	0.020441746176394056
FBgn0262516-1.fa	674	0.07724902095166393	2.017058855886795	0.33534426452883453	0.33534426452883453	0.09835412272258097	0.01603820228694406
FBgn0038961-1.fa	336	0.5190281376074833	2.0643235774248727	1.0000023087364812e-06	1.0000023087364812e-06	0.04992979274026472	0.053923929346436875
FBgn0002431-1.fa	338	0.07945447026961684	1.0000001425829533e-06	0.6340725772672167	0.6340725772672167	0.006782399985785259	0.02645434509014249
FBgn0086532-1.fa	306	0.3488162846536903	3.0787856947761822	1.0000001550802066e-06	1.0000001550802066e-06	0.03650040701037256	0.12084020553107871
FBgn0031652-1.fa	486	0.034280491842682136	7.880607447291399	1.0000003145050409e-06	1.0000003145050409e-06	0.02313300750821868	0.01987369395076614
FBgn0035283-0.fa	452	0.45268288984592775	1.0000014851820078e-06	0.5757340368416419	0.5757340368416419	0.13127368482320867	0.1563511920063303
FBgn0031039-1.fa	374	0.5722358167680079	2.976022729166499	1.0000050631035682e-06	1.0000050631035682e-06	2.6636795871363925	0.1309589423793992
FBgn0035000-0.fa	344	0.999887905960027	9.203993559035429e-05	3.386878845817705e-05	3.386878845817705e-05	0.053320557418483884	0.03903943368295292
FBgn0036769-0.fa	392	0.08447326055853054	0.38479108866600986	3.817223584782466	3.817223584782466	0.5586168787709206	0.4452243421715628
FBgn0032880-1.fa	464	0.9996327583635464	1.0000011207189093e-06	1.000000468463659e-06	1.000000468463659e-06	0.06116760782516861	0.03402451422938589
FBgn0031771.fa	472	0.10738681813874199	49.99999999921338	31.047388251821076	31.047388251821076	2.0414558905397704	1.8880405592071219
FBgn0015834-1.fa	302	0.24193704685766057	1.0000000358346324e-06	1.341537605567016	1.341537605567016	0.013230798783235	0.06281952762455201
FBgn0031038-1.fa	374	0.5722358167680079	2.976022729166499	1.0000050631035682e-06	1.0000050631035682e-06	2.6636795871363925	0.1309589423793992
FBgn0039776-1.fa	324	0.9998291611468507	49.999999999675325	49.999999999675325	49.999999999675325	0.10737505605056145	0.16220158018545558
FBgn0024352-0.fa	312	0.7686575410362796	1.227793883229319	1.0000004224619775e-06	1.0000004224619775e-06	0.06208934665499426	0.03963421416215992
FBgn0029799-1.fa	310	0.8587714353488414	1.4675179087880192	1.2328968999496492	1.2328968999496492	0.9288203639625703	0.892742716334654
FBgn0037504-1.fa	400	0.7287735905668404	2.4333726201933144	3.3815478049242262	3.3815478049242262	0.0745975609553393	0.035681055485180246
FBgn0035539-1.fa	328	0.7695317787794413	0.3225873547597932	1.0000111540182031e-06	1.0000111540182031e-06	0.9320791061048052	0.02902899772640352
FBgn0033547-1.fa	442	0.31562035980164194	1.000005913368266e-06	9.28454921622902	9.28454921622902	0.030852362609834257	0.15616549184268114
FBgn0039126-0.fa	366	0.8782117285652336	37.59831168972731	49.99999998639495	49.99999998639495	0.06466355748094132	0.023317470887818197
FBgn0033382-1.fa	824	0.06758852828887105	1.0000000000007555e-06	1.2458110668167353	1.2458110668167353	0.34422336774530005	0.2775644203564591
FBgn0039726.fa	364	0.05261463400445396	1.8150326340198069	1.0000000405572423e-06	1.0000000405572423e-06	0.468488408289624	0.43762134150047005
FBgn0031995-1.fa	428	0.3428400484749041	1.7394890758936814	0.6779451305135258	0.6779451305135258	0.05070358186583176	0.08646636827084897
FBgn0040793-0.fa	330	0.999754101488773	1.0000005304769469e-06	1.000000222920319e-06	1.000000222920319e-06	0.04422887942267566	0.04538044585326786
FBgn0024806-1.fa	344	0.999935195304986	1.0000001500801254e-06	1.0000006858296768e-06	1.0000006858296768e-06	0.01966915171724963	0.05003996446924958
FBgn0263110-0.fa	330	0.9997984195675338	1.0000002505290392e-06	1.0000012754046105e-06	1.0000012754046105e-06	0.06398032427922944	0.0693267134944838
FBgn0027495-0.fa	308	0.30144669202225044	1.0000000180139928e-06	0.4478810194281353	0.4478810194281353	0.2089908524037906	0.17421171873786234
FBgn0013764.fa	564	0.6017649595471541	0.17571070277521053	1.0000004802407933e-06	1.0000004802407933e-06	0.011627152813675972	0.0038480762258831036
FBgn0031392-0.fa	362	0.46664514589156936	5.415051267988907	15.288028204834685	15.288028204834685	0.0383224847400079	0.013460945918193353
FBgn0033209.fa	382	0.2620961716418678	0.3422881514914426	3.090981089859524	3.090981089859524	0.49543315921448966	0.468718017136034
FBgn0261086-1.fa	382	0.8313352402590887	0.7493132170014665	1.1333386186816508	1.1333386186816508	0.006133142690543313	0.11998226091234335
FBgn0038598-0.fa	314	0.09920382085423679	1.000000307703045e-06	9.685804137059945	9.685804137059945	2.0697142187327673	1.8913204085160622
FBgn0000499-1.fa	304	0.78788964879495	1.1789516238115934	0.8539528962883672	0.8539528962883672	0.11258854618650002	0.43613073175194916
FBgn0031281-1.fa	378	0.513263653611305	1.0000010517868206e-06	3.3454062215410514	3.3454062215410514	0.07966794525028545	0.10568932275640515
FBgn0002431-0.fa	418	0.9997297842879876	1.0000029665089572e-06	1.0000004355382324e-06	1.0000004355382324e-06	0.5134958444637456	0.4849676721094192
FBgn0085308-0.fa	322	0.9999338216541239	1.0000008791100377e-06	1.0000008966773397e-06	1.0000008966773397e-06	0.019630367910802308	0.04447239024189979
FBgn0032511-1.fa	432	0.03998385892370172	0.3800737955002168	3.654573671086328	3.654573671086328	0.06917028551392909	0.017918544951188935
FBgn0285950-1.fa	460	0.7817717205695498	1.0004110271175506	1.0000047927291573e-06	1.0000047927291573e-06	0.03573036272615475	0.008495770351844092
FBgn0041087-1.fa	300	0.18903332418417845	1.0000001072659216e-06	4.2393117535344285	4.2393117535344285	0.04724689252447557	0.0648385581052911
FBgn0010621-0.fa	546	0.8406283121383437	0.2903990368538653	0.39072914830910105	0.39072914830910105	0.10970767597352558	0.029225566087404068
FBgn0263038-0.fa	478	0.8761512332953973	36.1773369177651	49.99999999965194	49.99999999965194	0.029713735238826547	0.020103273941431733
FBgn0262716-1.fa	350	0.9114756936571924	1.776777826074373	1.6766024045801664	1.6766024045801664	0.06558128759912803	0.0596046182859649
FBgn0024754-1.fa	302	0.5609872358014955	0.7897458341161798	1.5886426084645398	1.5886426084645398	0.05775107217811781	0.016059802751085907
FBgn0024689-1.fa	300	0.43179691244359697	0.659450805790981	1.000000267064556e-06	1.000000267064556e-06	0.11126795729424144	0.11827674756451126
FBgn0004403-1.fa	378	0.7034747383495372	1.0000007097784405e-06	0.35504432392090146	0.35504432392090146	0.11145281454878324	1.8879194607349221
FBgn0005642-1.fa	310	0.9995808065698218	1.0000002053045185e-06	1.0000002052827794e-06	1.0000002052827794e-06	0.026632478845961306	0.0350670845342703
FBgn0032474-1.fa	546	0.798634660761896	0.5624810921707322	1.0275119215853468	1.0275119215853468	0.033587023385304074	0.015445007920171238
FBgn0036334-0.fa	368	0.927497177091163	1.000000786630216e-06	1.0000004616737023e-06	1.0000004616737023e-06	0.29901314438074844	0.47992637094580615
FBgn0013954-1.fa	336	0.19320329944980766	1.0000002627616163e-06	0.9597761148165661	0.9597761148165661	0.02909449852688434	0.060604348284968086
FBgn0260458-0.fa	336	0.2709211899306948	4.682447223543474	1.0000018045380903e-06	1.0000018045380903e-06	0.04216031054305785	0.06531174265655251
FBgn0039280-1.fa	310	0.9998949335044949	1.0001626860982443e-06	1.0000005279505165e-06	1.0000005279505165e-06	0.038999615248800946	0.05799151615974604
FBgn0036549-0.fa	652	0.9251123580608055	1.3491667052328733	1.2003555439787992	1.2003555439787992	0.07013059414230315	0.015397444026300174
FBgn0000181-0.fa	586	0.49266124285661905	0.35193521809393463	1.6932542211733261	1.6932542211733261	1.0356774002512712	0.6267120971708019
FBgn0025109-0.fa	296	0.6853401986483744	43.46692479028342	41.15598263784516	41.15598263784516	0.0751008797250201	0.06206149644750427
FBgn0034365-1.fa	298	0.24588718260408823	1.0000000206415515e-06	1.1421744432312886	1.1421744432312886	0.08424482939857258	0.025887035518231325
FBgn0035517.fa	562	0.23865562547091115	1.0000017771684058e-06	2.4382613343723047	2.4382613343723047	0.3347488469144402	0.23794007964265623
FBgn0039691.fa	336	0.9126131397157564	5.399586932491107	4.851369245045977	4.851369245045977	1.6579442619647127	49.9999700301764
FBgn0016701-1.fa	456	0.9039000223411382	0.39829621056927705	0.5145291639658555	0.5145291639658555	0.7009538331215602	0.8005182455429719
FBgn0288857-0.fa	464	0.06630105070334592	0.5491283035650624	6.282279756234947	6.282279756234947	1.0000052325872269e-06	0.0703737130904606
FBgn0037374-0.fa	302	0.837243313046171	0.4669261787054072	1.000145555275711e-06	1.000145555275711e-06	0.04173440226364393	0.019426199796927023
FBgn0033463-1.fa	490	0.863128245987074	4.124093641564857	4.459161132061205	4.459161132061205	0.04427967476977514	0.04857911445398179
FBgn0016687-1.fa	464	0.6119781766612826	0.8424703117125237	1.5029034666963161	1.5029034666963161	0.0646755914512399	0.04691156482573205
FBgn0011211-0.fa	390	0.05935955636488506	1.000000033554666e-06	5.02331062954516	5.02331062954516	0.03189670315728708	0.03760896333500786
FBgn0037709-1.fa	340	0.6624140134350235	2.7997144640429688	1.9259021883076812	1.9259021883076812	0.08958325564113989	1.0000042568440755e-06
FBgn0000416-0.fa	732	0.21585589896139876	1.0000000107645739e-06	1.0728604506753494	1.0728604506753494	1.0636421681087302	1.1111523527963054
FBgn0016691-1.fa	366	0.6628220212656133	1.9130008507868308	0.8765441682906169	0.8765441682906169	0.05867229640889468	0.051748775000577805
FBgn0004510-0.fa	326	0.4048454843683269	49.999999999558504	1.0004392494660652e-06	1.0004392494660652e-06	0.024949537881670442	1.000000679413854e-06
FBgn0039644-1.fa	442	0.851204757005857	1.0000851267506368e-06	1.0000127154682777e-06	1.0000127154682777e-06	1.0000006688751087e-06	0.03881009036906803
FBgn0027509-0.fa	326	0.659247314051029	1.0000036658165779e-06	0.6369104092806884	0.6369104092806884	0.09670612659817265	0.0671697472945392
FBgn0014269-0.fa	354	0.8334179658073946	2.5680307360592143	2.2720516342350465	2.2720516342350465	0.332135114460585	0.6554732204153059
FBgn0035471-0.fa	304	0.9627157083695667	0.8497850294154508	0.7664301809444863	0.7664301809444863	1.000001238899701e-06	0.07991216083067498
FBgn0030873-1.fa	450	0.1952187434619078	1.0000003197181382e-06	0.6479391996608191	0.6479391996608191	0.0782002916267877	1.0000094283133406e-06
FBgn0285971-0.fa	378	0.6261700352043466	2.6068796935356353	1.1626078201533858	1.1626078201533858	0.012209328859081794	1.0590691773776624
FBgn0036820-0.fa	394	0.26126810330232575	20.50094281017061	9.077493266587165	9.077493266587165	0.2449191687627535	0.35220061347693693
FBgn0011745-0.fa	344	0.513486128515594	1.991371786904061	2.9792174758853376	2.9792174758853376	1.0000004869677087e-06	0.07680322393059665
FBgn0035519-1.fa	320	0.7126969741045366	3.7204409922721227	5.776634340427001	5.776634340427001	0.2590065553236774	0.13707871631367427
FBgn0262126-1.fa	302	0.9999202414519714	1.0000002191518501e-06	1.0000003708138382e-06	1.0000003708138382e-06	0.02031756308914437	0.02815073776266776
FBgn0014028-1.fa	514	0.27952471782082733	16.451551683765878	6.435426852381553	6.435426852381553	0.06413877779814857	0.028724884778356618
FBgn0038515-0.fa	360	0.4889806632275018	1.0000002296889809e-06	0.671508515486751	0.671508515486751	0.46217878463463463	1.2595141964892036
FBgn0020626-1.fa	370	0.46718219567726993	0.2993047059535779	0.5857662606682712	0.5857662606682712	1.0000030570362502e-06	0.05148541919145521
FBgn0031871-1.fa	632	0.4811203443806923	0.6796289190961847	1.2455286112865225	1.2455286112865225	0.06387895728636132	0.036564139339712504
FBgn0033266-1.fa	706	0.3581375112620647	2.3928184495652336	1.0000011455036273e-06	1.0000011455036273e-06	1.0000086605906827e-06	5.516399590204909
FBgn0034262-1.fa	298	0.6100833398314296	49.999999999320984	26.42602362181467	26.42602362181467	0.029120834794115296	0.05172041495324812
FBgn0011785-0.fa	474	0.8220370893582837	0.6009473383475324	0.9136283636781843	0.9136283636781843	0.07452065913976981	0.024840126711258848
FBgn0025865-1.fa	486	0.1679567342111019	1.1824327871879565	12.238438282447133	12.238438282447133	0.0356557040300755	0.029009476393651326
FBgn0029095-0.fa	322	0.9997294274893427	1.0000010651446456e-06	1.0000001212911094e-06	1.0000001212911094e-06	0.006354799360285943	0.012418913207308428
FBgn0010747-0.fa	374	0.9994320536989006	1.0000030795830786e-06	1.0000034577685633e-06	1.0000034577685633e-06	0.06215097523630646	0.04336756606738769
FBgn0036819-0.fa	368	0.9995804714104208	7.4961666836796455e-06	2.0545136558234922e-05	2.0545136558234922e-05	0.5051539721970297	0.4354554491397198
FBgn0034577-0.fa	362	0.1965822575003874	5.255964847973931	1.0000005116646447e-06	1.0000005116646447e-06	0.03899539467490032	0.025614214851066096
FBgn0028692-0.fa	298	0.8799707786342544	5.950395508953995	4.486980187267627	4.486980187267627	0.01874771489646546	0.05655618364587297
FBgn0044419-0.fa	336	0.2709211899306948	4.682447223543474	1.0000018045380903e-06	1.0000018045380903e-06	0.04216031054305785	0.06531174265655251
FBgn0085405-0.fa	336	0.4137422847438841	1.0000007037465254e-06	0.5999048516951567	0.5999048516951567	0.04947174434886891	0.0685640476953298
FBgn0015338-0.fa	358	0.9996425628189102	1.000000056994621e-06	1.000031072881412e-06	1.000031072881412e-06	0.09298900777927033	0.039194648976507304
FBgn0032214.fa	314	0.9127655663425813	1.0000016904854453e-06	0.0688198973795703	0.0688198973795703	0.015173054449015467	0.06187857585805689
FBgn0038017-1.fa	330	0.7646138712498282	1.0000301893257772e-06	0.7154799978572499	0.7154799978572499	0.07086655804980425	0.08137164830659917
FBgn0038693-1.fa	372	0.26410958801547396	1.0000001094080997e-06	2.746640043990425	2.746640043990425	0.0057087498277535636	0.12375997753208474
FBgn0016684-1.fa	668	0.901064422009881	0.11922360874107618	1.000001035397725e-06	1.000001035397725e-06	0.02664956561384871	0.026703760035024948
FBgn0263260-1.fa	336	0.46230713765341613	1.00000009675799e-06	2.1266033380835156	2.1266033380835156	1.4478796312115736	1.231863912545003
FBgn0028690.fa	484	0.20201884405571943	3.5625352683577733	1.0000004565135344e-06	1.0000004565135344e-06	0.4253061247962076	0.46963215329991154
FBgn0035872-0.fa	612	0.9251339911729616	1.475305238737926	1.5291312548286133	1.5291312548286133	3.177519832310796	3.6671367639944736
FBgn0033925-1.fa	462	0.46056401321974905	1.0000011921565802e-06	0.32884418644023916	0.32884418644023916	0.3991665879520029	0.37655622499491104
FBgn0261381.fa	328	0.9999745005962045	1.0000012912686806e-06	1.0000007530661497e-06	1.0000007530661497e-06	0.033001027965966	0.10993925399137013
FBgn0283649-1.fa	650	0.053054203339876635	1.000000477760289e-06	1.810920287594451	1.810920287594451	1.5500590350189167	1.5499828353752794
FBgn0030718-1.fa	310	0.999985542481752	1.0000138547703962e-06	1.0000138547382117e-06	1.0000138547382117e-06	0.00680814102530169	0.03382207099328002
FBgn0036273-1.fa	472	0.2292304482965283	0.848411489387688	1.0000001628249797e-06	1.0000001628249797e-06	0.009016121223413553	0.04998477195045753
FBgn0034537-1.fa	324	0.4607696249861827	3.402937393123732	1.0000021765339107e-06	1.0000021765339107e-06	1.000000679413854e-06	0.17367527326113213
FBgn0086706-0.fa	472	0.3644523057372481	1.9143958042870206	1.0000013147064499e-06	1.0000013147064499e-06	0.03693394339705534	0.050149626651832584
FBgn0038325-0.fa	808	0.7108054561340003	1.5670756098209857	0.9597339427640664	0.9597339427640664	0.3429495574439132	2.1932444308763652
FBgn0050381-0.fa	330	0.6189550962735854	1.0000571659921755e-06	49.99999999938624	49.99999999938624	0.028897524749000526	0.05598439729416334
FBgn0038922-1.fa	442	0.9655645083095611	0.7219034245598259	0.6807066480148558	0.6807066480148558	1.1162286625648108	1.1531730981762751
FBgn0034452-1.fa	396	0.7843499231662094	1.2687515527328175	1.0000839886715338e-06	1.0000839886715338e-06	0.10267364077988275	0.11857166725571884
FBgn0050343-1.fa	482	0.999880011742945	6.455978303886548e-06	2.547820881440083e-06	2.547820881440083e-06	0.18338640901848047	0.1943464532818226
FBgn0035540-0.fa	504	0.41771303036848295	1.0000076198434605e-06	2.9235107327841447	2.9235107327841447	0.22265200582801958	0.30344041664631666
FBgn0031776.fa	292	0.5391619675567741	6.595567768736246	1.9284546474474011	1.9284546474474011	0.06635715654831438	0.4378375977849426
FBgn0261396-1.fa	314	0.6358169340363643	2.0028872088201104	1.0000125181864614e-06	1.0000125181864614e-06	0.04653632434704357	0.040110005846202355
FBgn0038055.fa	362	0.7293756811543026	6.779011124587591	4.730778677287289	4.730778677287289	0.08374725213156414	0.03325413477542394
FBgn0261953-1.fa	422	0.20076441323166158	11.843439297341941	1.0000736787873203e-06	1.0000736787873203e-06	0.02990983494485958	0.014754286285744501
FBgn0004837-0.fa	402	0.8423648321582274	1.6727039693834311	1.2046144031539396	1.2046144031539396	1.000010585436733e-06	0.3824895553266065
FBgn0026479-1.fa	294	0.9995197895074277	1.0000024346426203e-06	1.0000002508833033e-06	1.0000002508833033e-06	1.0685801688728813	1.0386087771938401
FBgn0032339-0.fa	336	0.9992454971093374	1.0000010333919956e-06	1.0000000408810048e-06	1.0000000408810048e-06	0.14771842614065436	0.2674392336161054
FBgn0035255-1.fa	302	0.5370432125781189	0.9155252078199252	5.624345838937211	5.624345838937211	0.04146884711925985	0.12945148981018287
FBgn0031450-0.fa	330	0.4268022917823643	2.800436416689777	4.963355895508589	4.963355895508589	0.4942448794443438	0.4993545191404768
FBgn0035520.fa	448	0.48234391416942435	1.2860743575337639	2.652245407242733	2.652245407242733	0.7194427678603138	0.6367113040917093
FBgn0085370-0.fa	1190	0.6504264776127675	1.0271192607950737	1.507218363660352	1.507218363660352	0.3593444675183352	1.1954550886412165
FBgn0021796-0.fa	390	0.26181027094417497	1.0000000877142065e-06	1.402916372499032	1.402916372499032	0.06010670816267665	0.016798387356770198
FBgn0034310-0.fa	312	0.7037409605941142	0.8389252512014034	1.196203238138183	1.196203238138183	0.35015803177010535	0.2581783313226791
FBgn0027950-1.fa	304	0.25639218324716895	5.102137863618564	1.0000031281916233e-06	1.0000031281916233e-06	0.03439816478257832	0.07403654696432983
FBgn0032801-0.fa	788	0.8689541928696827	0.6298193324130428	1.120724523817844	1.120724523817844	1.0000056853228169e-06	0.3495972576473179
FBgn0033656-0.fa	340	0.14653938471793657	1.000002112943889e-06	1.5391578905879706	1.5391578905879706	0.58670814921126	0.7011951807158432
FBgn0265052-1.fa	432	0.10851876492496684	1.0000001027689015e-06	1.0152526122335772	1.0152526122335772	0.040595591343803895	0.0067118825612100625
FBgn0036004-0.fa	514	0.5310207231581114	0.8195393927027358	1.0000017625215415e-06	1.0000017625215415e-06	0.011969141945767618	0.01192608261225825
FBgn0037843-0.fa	364	0.7605383155983774	0.7134740511521276	1.1648561908885013	1.1648561908885013	0.06079595034939424	0.06552588660200713
FBgn0038870-0.fa	310	0.43754049345095536	1.0000010283551894e-06	0.6874616406793409	0.6874616406793409	1.000000679413854e-06	0.2099830680670319
FBgn0022787-1.fa	270	0.6594608286256105	49.99999999967883	22.133878928613978	22.133878928613978	0.23516536848006425	0.26297857110786355
FBgn0036317-0.fa	454	0.8778809128413645	0.07873798102329914	1.0000001727344343e-06	1.0000001727344343e-06	1.000009052950487e-06	0.09415297095336694
FBgn0015477-0.fa	388	0.10329067913462801	1.783411436658227	0.41655412692276833	0.41655412692276833	5.268959661768283	4.626123280763999
FBgn0050011-1.fa	452	0.9999933555341721	1.0000001197968948e-06	1.0000004233699572e-06	1.0000004233699572e-06	0.02752664124511554	0.008709265166503314
FBgn0038535-0.fa	452	0.8908401051836039	6.4448639021222105	5.7669832685052285	5.7669832685052285	1.417690257382515	2.9281163699988464
FBgn0037414-0.fa	396	0.7636601005167417	4.429252101148055	2.692758826756851	2.692758826756851	0.015514616032375061	1.000000679413854e-06
FBgn0034184-1.fa	314	0.7756872695522216	0.5353248635737284	0.00961526787442181	0.00961526787442181	2.54744103540858	0.1490101305671331
FBgn0003977-1.fa	290	0.8414181672637224	0.8427135657882991	0.39924741891646454	0.39924741891646454	0.7673611949778775	0.6763051673064335
FBgn0025700-0.fa	504	0.947513115653414	1.8607906713099862	2.008337526744303	2.008337526744303	0.07046741744452863	0.8400392400476008
FBgn0031643.fa	528	0.3412767433562669	3.3621045387376234	0.25206837494817	0.25206837494817	0.1049154863102936	0.044788165586534784
FBgn0041712-1.fa	348	0.7141940824352979	5.799232485647464	4.461008772548634	4.461008772548634	0.08552456895698334	0.09292789862210776
FBgn0032817-1.fa	312	0.9607265785228873	49.99999999883404	49.99999999954045	49.99999999954045	0.02400628848367454	0.026558511373971336
FBgn0031692-1.fa	446	0.4605460593946661	1.0000121335326912e-06	2.219724912535278	2.219724912535278	0.03507954299084041	0.03796387594579819
FBgn0027087-1.fa	308	0.74670148112208	0.2891934976757808	1.0000000365726003e-06	1.0000000365726003e-06	0.5796727664023384	0.5689783943601875
FBgn0260991-0.fa	382	0.2512247736532878	0.7195737454390526	3.2939721068716543	3.2939721068716543	1.000001595598664e-06	0.08091096332654912
FBgn0037012-0.fa	488	0.9370453430044456	49.99999993562114	43.44650986679644	43.44650986679644	0.034309106177088884	0.06679880658130091
FBgn0000032-1.fa	518	0.13741888392886917	1.8598448112620418	0.6314887877284892	0.6314887877284892	1.32102898916634	1.3244763630590355
FBgn0261353.fa	328	0.9999745005962045	1.0000012912686806e-06	1.0000007530661497e-06	1.0000007530661497e-06	0.033001027965966	0.10993925399137013
FBgn0037638-0.fa	282	0.3906569243010719	1.0000004965830922e-06	0.2195416431722705	0.2195416431722705	17.256743211635236	10.938522912865732
FBgn0262955-0.fa	330	0.9997878521341137	1.0000004342882521e-06	1.0000013422039485e-06	1.0000013422039485e-06	0.052884878876632714	0.05286486253683494
FBgn0033744-1.fa	642	0.19540446560179164	1.0001594837491257e-06	4.614636698120487	4.614636698120487	0.024037569735919164	0.012193848778098048
FBgn0032343-0.fa	378	0.3886119832328634	2.449003279954523	1.0000000106538516e-06	1.0000000106538516e-06	0.08039273210278015	0.041414489167048096
FBgn0021796-1.fa	300	0.9995984162605508	1.0000002571620407e-06	1.0000067668712716e-06	1.0000067668712716e-06	0.06609036552252937	0.05319428802791788
FBgn0037680-0.fa	534	0.6445722948658876	0.7889903669300536	1.000000171353137e-06	1.000000171353137e-06	0.09443862911862931	0.06845048321340333
FBgn0031684-1.fa	430	0.23343622853442172	1.0000006733932788e-06	1.510332463576772	1.510332463576772	0.11940669287413097	0.08260952665115137
FBgn0032800-0.fa	962	0.9589289251781492	1.930608283234114	1.7678503641183476	1.7678503641183476	0.08490768641331939	0.2244781744796344
FBgn0040929-1.fa	478	0.8342749473124638	2.002579156453831	2.2545576775438323	2.2545576775438323	0.06722068711576928	0.09186683502867815
FBgn0035279-0.fa	466	0.9998124053312216	1.0000004021164428e-06	1.0000000435114057e-06	1.0000000435114057e-06	0.29863388375540056	0.31528743594636305
FBgn0035853-0.fa	298	0.5357629215662445	3.291361943907375	1.000000375918285e-06	1.000000375918285e-06	0.02739016427058543	1.000000679413854e-06
FBgn0083972-0.fa	472	0.8204022982892966	0.9081979985120395	1.1298158042250783	1.1298158042250783	1.5321933933905283	1.0000010070283982e-06
FBgn0030314.fa	348	0.05059865048437796	5.033207615048929	0.640228076977065	0.640228076977065	0.143653615188095	0.19461765185120225
FBgn0033529-0.fa	298	0.40758365898709525	1.3373832128321	0.41128200087612504	0.41128200087612504	0.12389882182531906	0.029029539224921016
FBgn0033753-0.fa	326	0.9972113151282401	1.0111716012501258e-06	1.5013492769696073	1.5013492769696073	1.0000020605534094e-06	0.06965172150461704
FBgn0050338-0.fa	382	0.9999770427167866	1.0000005452106924e-06	1.0000003479240315e-06	1.0000003479240315e-06	0.037813885244015896	0.021806492722870854
FBgn0027655-0.fa	372	0.10318490429542274	1.0000001665089579e-06	2.909819525827205	2.909819525827205	0.45915870308373496	3.4910632569386544
FBgn0032704-1.fa	330	0.006054280014546827	11.095802255032002	1.0000001890205172e-06	1.0000001890205172e-06	0.03192685380833976	0.017915893942944135
FBgn0033929-0.fa	338	0.8836251038753856	2.36412008302079	2.3538589051089915	2.3538589051089915	0.04504437851050792	0.028183245421643747
FBgn0085433-1.fa	328	0.9998617805539026	1.0000000151088197e-06	1.0000007897127428e-06	1.0000007897127428e-06	0.07704346937310506	0.014647674211093153
FBgn0032246-1.fa	346	0.8350764782008482	1.2876455547525083	1.628519672833957	1.628519672833957	0.1649499754347414	1.0000105865358926e-06
FBgn0010622-1.fa	330	0.2175938633904533	4.106667489277114	0.7229186444255489	0.7229186444255489	0.0008144647905840872	1.1058588089305839
FBgn0034184-0.fa	442	0.34857832704256	0.7352528725809724	1.0000000405619622e-06	1.0000000405619622e-06	0.02867294242318441	1.0000052393928577e-06
FBgn0028427-1.fa	308	0.5606661076029072	1.460085812588274	1.0000012886584239e-06	1.0000012886584239e-06	0.02993991266553936	0.03767169233603247
FBgn0037897-0.fa	316	0.5452222419063717	1.3937178830009676	1.0000016578225013e-06	1.0000016578225013e-06	0.04376237535160495	0.041290845521144065
FBgn0038145-1.fa	524	0.6314381629431282	1.000000518881997e-06	0.18758364898076813	0.18758364898076813	1.000000679413854e-06	0.06609931366757298
FBgn0039112-0.fa	322	0.48971993666315405	1.957709153547823	1.000001148483741e-06	1.000001148483741e-06	0.006628574969128584	0.03203316562108982
FBgn0031522-0.fa	314	0.03242415404100326	12.47139157967151	1.0000150213306678e-06	1.0000150213306678e-06	0.1568921217324968	0.08815934467140572
FBgn0051159-0.fa	320	0.6895090091207986	0.6714921582179082	1.0000024346166534e-06	1.0000024346166534e-06	0.15720923725357608	0.0974826577741452
FBgn0052133-1.fa	462	0.010395872810912315	7.070832204663053	1.0000000559522404e-06	1.0000000559522404e-06	0.03321517887121777	0.021327835447557772
FBgn0261837-1.fa	330	0.9999852648085784	1.0000006489447483e-06	1.000000424064751e-06	1.000000424064751e-06	0.04601136862800496	0.02463692069048772
FBgn0039187-1.fa	522	0.024318074404900008	2.831171741827954	0.6062960224666634	0.6062960224666634	0.08753252147567381	1.0000000162098097e-06
FBgn0039188.fa	316	0.28257644735231335	1.0000012993811937e-06	2.653354849823012	2.653354849823012	0.0775372038531767	1.0000089206662748e-06
FBgn0035865-0.fa	480	0.07707993073853694	1.0000003301849654e-06	4.575558193235084	4.575558193235084	0.07012022809361301	0.05702643473302852
FBgn0045064-1.fa	330	0.26563899605023594	49.99999998859278	1.0006847011068264e-06	1.0006847011068264e-06	1.000000679413854e-06	0.16332706468481245
FBgn0024556.fa	304	0.34529942723945173	1.1929082284768304	3.7853007067007676	3.7853007067007676	0.04291523686314039	0.007292347518537911
FBgn0039153-0.fa	302	0.5314631062669815	1.1867284522801431	1.0000049085131514e-06	1.0000049085131514e-06	0.04055668778245352	0.05833141802843447
FBgn0031830-0.fa	596	0.14909417929595656	1.1096985463964875	1.0000003561026674e-06	1.0000003561026674e-06	0.044327049442011116	0.023109545907628006
FBgn0040773-1.fa	396	0.9867070581507337	4.014283551603215	4.071869783490066	4.071869783490066	0.5406899751819271	0.22215481385374528
FBgn0003941-0.fa	358	0.49364756522841124	1.4098233622410763	1.0000001846343396e-06	1.0000001846343396e-06	0.04592254357159737	0.04101201650240871
FBgn0011286-1.fa	382	0.6395761066353352	3.0694916536567427	2.4599371187335173	2.4599371187335173	0.04861940939567617	0.11721723580236938
FBgn0243511-1.fa	356	0.9996263036286791	1.2911073779118425	1.2905726106515862	1.2905726106515862	0.0365587090564674	0.04429776147964587
FBgn0033461-1.fa	432	0.9998725677115105	1.0000005574581307e-06	1.000002331885806e-06	1.000002331885806e-06	0.08301132773483617	0.05408176327019501
FBgn0086784-1.fa	444	0.9533508903319378	1.5666436045759053	1.500670215519799	1.500670215519799	1.0000043510611568e-06	0.08062806968744858
FBgn0031959-0.fa	338	0.3314253441002729	1.0000002699393184e-06	1.1374770579444444	1.1374770579444444	0.0774603781099103	0.04128542166975794
FBgn0267824-1.fa	580	0.7256117414258441	1.6771242583924135	1.403459567014772	1.403459567014772	2.3130218676568277	2.1475120994358834
FBgn0010638-1.fa	364	0.9998213619104654	1.0000003460030465e-06	1.0000008835088376e-06	1.0000008835088376e-06	0.005580514201829212	0.005435222335383412
FBgn0036474-1.fa	346	0.5877287370904429	1.0000115426891919e-06	3.5081968162985593	3.5081968162985593	1.0000022673839948e-06	0.058043497041510815
FBgn0033699-1.fa	590	0.33668440278241846	1.0000146410888642e-06	0.9175419391578731	0.9175419391578731	0.7101191731482192	1.2451330478145555
FBgn0031098-1.fa	320	0.23301858115068	49.999999999989356	12.504872539345586	12.504872539345586	0.4126601938047933	0.7823069146526618
FBgn0039152-1.fa	554	0.9999249314665379	1.0000000157553585e-06	1.000000345265345e-06	1.000000345265345e-06	0.018132702837820744	0.011254175144701565
FBgn0015247-1.fa	302	0.4132450146315604	1.8500192517079912	1.0000000034412371e-06	1.0000000034412371e-06	0.04936424708581652	0.046946003129630265
FBgn0017579-0.fa	362	0.9999893267294381	1.0000000783699203e-06	1.0000002756120143e-06	1.0000002756120143e-06	0.049637499227714175	0.04395539350647329
FBgn0000045-1.fa	430	0.9333111254837263	0.7438089676087034	1.0000243681173778e-06	1.0000243681173778e-06	0.5189605576946161	0.002780235961569212
FBgn0024326-1.fa	512	0.3908654724742623	2.6076568533717768	1.0000005082602766e-06	1.0000005082602766e-06	0.053288002586344786	0.01933258594773516
FBgn0037731-1.fa	472	0.9994449161720314	1.0000103784428825e-06	1.0000836966455282e-06	1.0000836966455282e-06	1.0000077893749901e-06	0.14233322061900913
FBgn0015790-0.fa	482	0.2855710278224744	1.2141617661516637	1.000000450919969e-06	1.000000450919969e-06	0.03867261192499372	0.030987976026994695
FBgn0262125-0.fa	354	0.5263631129334443	1.000000741395171e-06	0.8795225126317088	0.8795225126317088	0.052371096692405625	0.03884876508980929
FBgn0085279-0.fa	318	0.7922192313237272	0.5112704851094897	1.0000004394679209e-06	1.0000004394679209e-06	0.04778030032442243	0.12706385530742856
FBgn0044452-0.fa	352	0.9997002071146729	1.0000001641160182e-06	1.0000001241231323e-06	1.0000001241231323e-06	0.014872323966914324	0.04305819876712476
FBgn0264829-1.fa	296	0.9999671754524321	1.0000000424193778e-06	1.0000000187628603e-06	1.0000000187628603e-06	0.04168149794532817	0.007153427580145671
FBgn0263046-0.fa	376	0.9992089416376932	1.0000000000365437e-06	1.0000009514519058e-06	1.0000009514519058e-06	0.3288664750955399	0.33824162669457175
FBgn0032168-1.fa	346	0.37984474741538166	0.5846572560687952	1.6008908512331448	1.6008908512331448	0.07312525313954614	0.08918143053272111
FBgn0034245-0.fa	398	0.31295323106986306	0.4112245791880228	1.3935490543560116	1.3935490543560116	0.2936519881664051	0.3052985019633989
FBgn0033515-1.fa	340	0.3470376183209618	2.80074358843103	1.407948945116563	1.407948945116563	1.0000067998795914e-06	0.054584039427482606
FBgn0027081-0.fa	304	0.009214614405441558	1.8185913655939194	1.0000085802166943e-06	1.0000085802166943e-06	0.031269804531715344	0.008968604371654683
FBgn0034642-0.fa	296	0.07416413547531094	0.6462668366566247	2.1341221024547865	2.1341221024547865	1.000000679413854e-06	0.06768887655915844
FBgn0035253-1.fa	298	0.7959407659099378	2.82122334164225	2.217193811867472	2.217193811867472	0.13684715569976952	0.09771788030142972
FBgn0038877-1.fa	322	0.5224618881615581	2.8282036423587362	6.543443710968318	6.543443710968318	0.05098215682614019	0.012979707293047406
FBgn0010408-1.fa	286	0.9983137455384916	1.900332115367134e-06	2.297680042280043	2.297680042280043	1.0000047009864053e-06	19.649096789050517
FBgn0022153-0.fa	602	0.43446650859570557	1.8525631652904309	1.000001296918549e-06	1.000001296918549e-06	0.0489287774918289	0.0348251185034778
FBgn0036516-1.fa	590	0.5037260353694742	18.240739615963275	49.999999999858794	49.999999999858794	0.6525594721049292	0.7655981338120673
FBgn0032256-0.fa	326	0.8240193101294125	1.101527981145214	0.8269208917962264	0.8269208917962264	0.06784131489086612	0.06669348902367499
FBgn0039175-1.fa	292	0.9996610867635352	1.000000799453478e-06	1.0000021528538362e-06	1.0000021528538362e-06	0.07704699228806021	0.05315051188947249
FBgn0039733-0.fa	506	0.3165264160719961	49.99999999966573	1.7784296325944253	1.7784296325944253	1.0000007525626267e-06	0.04455262865358235
FBgn0034985-1.fa	298	0.4308794108009326	3.160509749801949	1.0000139535318006e-06	1.0000139535318006e-06	0.04818551398989835	0.07985390738418864
FBgn0005671-1.fa	312	0.18602992231939192	1.7942867443479118	1.0000003229113273e-06	1.0000003229113273e-06	0.039374919263151925	0.05087447911570098
FBgn0025678-1.fa	476	0.8259982044192732	2.2953884432221465	1.9903837475018173	1.9903837475018173	0.47937645675619434	0.4140134341501496
FBgn0283678-0.fa	300	0.3176741711833056	1.000001594407564e-06	1.4046456627444561	1.4046456627444561	1.0000018073131962e-06	0.12299754459173887
FBgn0037146-0.fa	372	0.737315764837535	0.8043028874013339	1.2027974832231731	1.2027974832231731	0.12365114295350942	0.06420271719075117
FBgn0029088-1.fa	362	0.3042442296937796	6.245651786151455	15.54093963725633	15.54093963725633	0.04525409234676736	0.016722774506543636
FBgn0082831-0.fa	342	0.37824880225439006	1.0000006839765358e-06	1.7116934546384115	1.7116934546384115	0.03645250747642231	0.044836795428785686
FBgn0031457-1.fa	472	0.4770922300981376	3.4437323427952884	2.3993806921175946	2.3993806921175946	0.10292495019928603	1.000005389896983e-06
FBgn0027079-1.fa	296	0.12028939388102397	1.0000003344962365e-06	0.6687122858518366	0.6687122858518366	0.20963926963407625	0.07273094882417813
FBgn0034585-1.fa	354	0.27318265557032384	42.94509094659957	11.620825095789773	11.620825095789773	0.8725676475988837	0.868106479637463
FBgn0042180-1.fa	376	0.1860197139766786	2.7624017040263262	8.292509642593325	8.292509642593325	0.8622161856385422	0.7133223990868259
FBgn0033539-1.fa	302	0.999948664544315	1.0000018710064513e-06	1.0000056197621608e-06	1.0000056197621608e-06	0.05075101915384127	0.011496030539329792
FBgn0035402-1.fa	312	0.9999124526239798	1.000000169492547e-06	1.0000004304403348e-06	1.0000004304403348e-06	0.0945548144697768	0.07206401960313123
FBgn0042641-1.fa	328	0.6701060918589201	1.1274807150909973	1.174318513818273	1.174318513818273	0.04953617262353856	0.04247875226825817
FBgn0033902-0.fa	422	0.24876609029316776	1.0000007171874189e-06	2.316006869182275	2.316006869182275	0.02810839330010417	0.05382031233771416
FBgn0051201-1.fa	376	0.9990953034391759	1.0000002547807734e-06	1.000000033057332e-06	1.000000033057332e-06	0.10483760976330668	0.14561665340238444
FBgn0033260-1.fa	532	0.43609984839827465	1.8072725869619217	0.8116075972199014	0.8116075972199014	1.0021917828039446	1.327325764788632
FBgn0036726.fa	434	0.31074688916563253	1.0000002491268981e-06	0.7974815822448791	0.7974815822448791	0.02437424713987507	1.048308185227174
FBgn0028544-0.fa	500	0.9999982154796989	1.0000000592159179e-06	1.0000000616419295e-06	1.0000000616419295e-06	0.0486080292200593	0.015603827281019937
FBgn0040763-0.fa	314	0.9994436317893644	1.0000045810757505e-06	1.0000009640550028e-06	1.0000009640550028e-06	0.5062525026342063	0.45422237401052257
FBgn0250838-1.fa	408	0.19997194049327616	0.7751019127494762	1.0000014359095505e-06	1.0000014359095505e-06	0.0492071549390343	0.06346758322968975
FBgn0062412-1.fa	292	0.805590853843789	49.999999999781856	4.531072694768412	4.531072694768412	0.029605575888591525	1.6763745319746395
FBgn0038251-1.fa	358	0.26689440560817584	5.10793478213644	1.143744688444366	1.143744688444366	0.09763588956183754	2.9360788327419147
FBgn0003317-0.fa	312	0.13820828335715546	1.3320625672054893	1.0000000409576403e-06	1.0000000409576403e-06	0.05841144896607336	0.09574585083554239
FBgn0264075-1.fa	328	0.9998903149990983	1.0000000958038783e-06	1.0000011707847902e-06	1.0000011707847902e-06	0.03305220786845669	0.011637330173748269
FBgn0037472-1.fa	358	0.8792036029915106	45.65205736982038	49.99999999999999	49.99999999999999	0.007491058182310747	0.008010281954173184
FBgn0029800-0.fa	248	0.46769181806666715	3.1939988533652115	1.0969371085156987	1.0969371085156987	3.5905507796611373	0.6705980807771587
FBgn0031660-1.fa	378	0.18178960096542154	1.0974856796942425	1.0000004126885113e-06	1.0000004126885113e-06	0.06441248556189498	0.05384037124841051
FBgn0028342-0.fa	368	0.709088612470683	1.1678056682018656	0.39559700927957137	0.39559700927957137	0.07294537269197277	0.08251941142114023
FBgn0005596-0.fa	300	0.6848088474107261	1.0000033575413656e-06	0.9965642545396183	0.9965642545396183	0.24633907064791885	1.0000000290205439e-06
FBgn0086346-0.fa	370	0.4270932281962758	2.913220696704219	5.827821578872648	5.827821578872648	0.47281275511801096	1.0000095817391865e-06
FBgn0026371-1.fa	558	0.4528650845145148	1.9570648885853976	1.3582789957039871	1.3582789957039871	2.5133559873986524	2.5584090810824858
FBgn0032518-1.fa	348	0.999931550846016	1.0000001919406884e-06	1.0000002047747822e-06	1.0000002047747822e-06	0.005650212632817716	0.03508733448322208
FBgn0031437-0.fa	462	0.7297161048046972	0.2103491089847908	3.2287476495885366	3.2287476495885366	0.03928682957593047	0.023256624630512306
FBgn0034265-0.fa	352	0.40435538377049696	1.0000016439655823e-06	10.127214233677442	10.127214233677442	0.03537656156276254	0.01156616700932569
FBgn0011740-0.fa	332	0.1504805486782729	1.0000003720517533e-06	3.6872244433600425	3.6872244433600425	0.6267928342837602	2.1147757560805385
FBgn0001941-1.fa	616	0.6595906692092327	2.9322791752591795	1.8130121941354547	1.8130121941354547	0.004980593565045122	0.015375201671509567
FBgn0036761-1.fa	360	0.2792725163819873	19.910626239246604	0.8862184532505573	0.8862184532505573	0.014310968547708363	0.08936102083348459
FBgn0038617-0.fa	398	0.9102731249002946	2.0461825785710306	1.8832057398978794	1.8832057398978794	0.7531745655034153	0.6020044557953
FBgn0031820-0.fa	440	0.12744157485733545	1.0000001446165289e-06	1.9852696843980644	1.9852696843980644	0.04796322634065531	0.016585313516549537
FBgn0025725.fa	422	0.6720311252698628	1.1065998290158745	1.0000008707063473e-06	1.0000008707063473e-06	0.027017159667897788	0.0629648140659078
FBgn0032260-1.fa	302	0.8646119551675631	0.42170160683975944	0.2544463567744197	0.2544463567744197	0.013530639168062627	0.006835578907171138
FBgn0010741-1.fa	556	0.17587001730151547	1.000003924264945e-06	0.6658963119716719	0.6658963119716719	0.08577712373437898	0.07694318298958377
FBgn0037176.fa	370	0.9787004954367412	1.9120782904339557	1.8715012475248738	1.8715012475248738	0.025233904745764583	0.10020352855092102
FBgn0003044-0.fa	604	0.152690348911981	13.058968270250274	1.000000827337926e-06	1.000000827337926e-06	0.03371747069491161	0.03063619729840869
FBgn0031636-1.fa	326	0.9996841660376697	3.406473254830673e-06	1.2690516170995488e-05	1.2690516170995488e-05	1.0000008841453434e-06	0.18714666911759023
FBgn0023172-1.fa	370	0.1975827710554498	1.0000005088426679e-06	49.99999999967068	49.99999999967068	1.000000679413854e-06	0.024514344511623213
FBgn0027561-1.fa	632	0.13096091833192874	1.000000300735214e-06	2.0041292367425125	2.0041292367425125	0.450517004158771	0.386082321036617
FBgn0010612-1.fa	324	0.34809745145664406	5.611919013763251	1.0000018098565496e-06	1.0000018098565496e-06	0.014916967724635752	0.02944895340303937
FBgn0037074-1.fa	458	0.7682703927969718	0.5366984946921785	0.2898619215439897	0.2898619215439897	0.4585767933256039	1.0794625710377979
FBgn0033934-1.fa	398	0.6464849856890871	3.3569527570758635	2.142577703018537	2.142577703018537	0.051554514622364135	0.06486057707213547
FBgn0031661-1.fa	336	0.36232297183062345	1.0000320828883701e-06	8.687483360941396	8.687483360941396	0.7660424279672507	0.9039756863118308
FBgn0024360-0.fa	386	0.7942354071034318	0.8066350428063025	2.5335834952209586	2.5335834952209586	0.05184868854017631	0.05260266101880535
FBgn0028969-0.fa	398	0.5191338455017189	0.21439068174913456	0.761682436786327	0.761682436786327	5.877894751748904	1.0000000717025402e-06
FBgn0264560-0.fa	348	0.9997979834475891	1.000000357576202e-06	1.000000730052753e-06	1.000000730052753e-06	0.0181423517567687	0.05363747695742229
FBgn0032172-0.fa	312	0.38753075250004176	1.0000007886635883e-06	3.6596309193400685	3.6596309193400685	0.006465008614027189	0.006483919207682371
FBgn0019936-0.fa	452	0.6139900271280796	1.2163438459522409	1.0000043463399874e-06	1.0000043463399874e-06	0.051739294170227504	0.0635119823290621
FBgn0036075-1.fa	354	0.5885230704063666	1.10955122262289	1.0000009621369174e-06	1.0000009621369174e-06	0.08628184296993252	0.042923241377033725
FBgn0036999-1.fa	624	0.6147262227718544	24.548108549329545	49.99999999996418	49.99999999996418	0.23141993601921496	0.30037552446086596
FBgn0027560-0.fa	396	0.9341287854811834	1.3201135716633938	1.2001246258362186	1.2001246258362186	0.01704471140825417	0.18966304712265145
FBgn0035032-1.fa	384	0.47522676615436066	4.880404080836591	1.000231288124762e-06	1.000231288124762e-06	0.010844731445209053	0.015597642427607937
FBgn0029092-0.fa	752	0.749648301345211	1.0000136273551094e-06	0.47413173238260053	0.47413173238260053	0.0367747254506464	1.50717276407485
FBgn0038545-0.fa	358	0.8445752460308121	1.5781230415409113	1.2559807202526094	1.2559807202526094	0.06833220564516433	0.1292891185870847
FBgn0015000-0.fa	568	0.999991947158345	1.0000002749928294e-06	1.0000015581890759e-06	1.0000015581890759e-06	0.06339812723863461	0.02362433949566203
FBgn0046874-0.fa	414	0.9385731965439283	0.06378380129463068	1.000000232404031e-06	1.000000232404031e-06	0.44216148203535527	1.0000002438028304e-06
FBgn0002183-1.fa	304	0.14333219236476505	0.8383770594447784	1.0000000068567628e-06	1.0000000068567628e-06	0.10788834229541591	0.040795989767897896
FBgn0264432-1.fa	338	0.4286600996833406	1.7893030679097035	1.000000970553061e-06	1.000000970553061e-06	1.0000036852678112e-06	0.012361624899537635
FBgn0035423-1.fa	298	0.5709781839291016	49.9999999999658	33.63514607683928	33.63514607683928	0.018300923249070535	0.07173606478056214
FBgn0027608-0.fa	344	0.04240892650236817	7.19677449096406	0.5404193521800125	0.5404193521800125	0.0720803821807756	0.08797499280253936
FBgn0024245-1.fa	356	0.7048097879902007	2.77442538502392	2.0996753972480033	2.0996753972480033	1.000000727388446e-06	0.09048687727423162
FBgn0032538-0.fa	430	0.17454170259400742	1.0000119053433076e-06	2.262364181228516	2.262364181228516	0.2573006576745379	0.020531023268744786
FBgn0036501-1.fa	376	0.839530603173542	0.35089103182672765	1.0000209676595446e-06	1.0000209676595446e-06	1.253897452413706	0.2663221005659422
FBgn0036717-0.fa	392	0.5276538014817087	1.0000071391993267e-06	0.6742824809630014	0.6742824809630014	1.000000679413854e-06	0.03279049240747075
FBgn0022097.fa	320	0.9999938182403427	2.382804535486821e-05	1.718722296756971e-05	1.718722296756971e-05	0.006583371628599044	0.006293300494640582
FBgn0086370-1.fa	686	0.8402602112989346	1.0000014111277689e-06	1.159845052175372	1.159845052175372	0.03434476954958519	0.018371015948951457
FBgn0002989-0.fa	452	0.9996377308037132	0.20362393279637	0.20361811990267803	0.20361811990267803	1.0000028710608518e-06	0.23203108647860585
FBgn0039620-0.fa	326	0.2518888464284168	49.99999999968367	1.0000111273000224e-06	1.0000111273000224e-06	0.006587336717082994	0.01879621160887055
FBgn0026239-1.fa	488	0.13734752391602434	0.10759087408285083	5.499018970789246	5.499018970789246	0.011002470340003258	0.01614646047463944
FBgn0024291-0.fa	426	0.411573172455742	49.99999999775781	1.0003665516705253e-06	1.0003665516705253e-06	0.03344858552274381	0.014968703195318785
FBgn0016119-1.fa	298	0.45185929757877374	1.000000029870729e-06	1.1543513230392703	1.1543513230392703	0.0842787377695097	0.040510521079991244
FBgn0029174-1.fa	292	0.00622947144687144	1.0000000250105989e-06	1.463981274989815	1.463981274989815	0.1443880364488378	0.06966831476767156
FBgn0034946-0.fa	390	0.41764343561965067	3.2500614737171545	1.3041580124030459	1.3041580124030459	0.02926830202737228	0.047624429854638585
FBgn0037756-1.fa	312	0.1279141439424913	11.794765051668062	0.04261115730183275	0.04261115730183275	0.0853141368065258	0.1288516110869254
FBgn0030991-0.fa	340	0.9589760930681563	49.999999932012244	43.32297911125788	43.32297911125788	0.04517870687903157	0.06407996729094456
FBgn0027358.fa	474	0.36041026756036165	1.2812602656193892	0.021852613353483923	0.021852613353483923	0.7794465648197583	0.7786753637475704
FBgn0261596-0.fa	408	0.07487790915185188	0.7862647421225594	7.832981825569435	7.832981825569435	0.0475417620695303	0.02375969989466203
FBgn0038821-1.fa	338	0.723207978491911	1.950312995001448	2.440221791139109	2.440221791139109	0.02297844788802259	0.060335500912388644
FBgn0034802-1.fa	654	0.7338426084003512	1.4831557449281063	1.949964719496371	1.949964719496371	0.025757069712503165	0.044335003119696105
FBgn0038088-1.fa	334	0.8968115834098775	1.0000024013009365e-06	0.054318415714090684	0.054318415714090684	0.0434638074324521	0.04992857854073074
FBgn0027453-1.fa	480	0.48515813933657503	1.0000236678885811e-06	2.73472056519447	2.73472056519447	0.10732176757551697	1.0000093358886327e-06
FBgn0037900-1.fa	298	0.999918815469314	1.0000000199045303e-06	1.0000002515097837e-06	1.0000002515097837e-06	0.0579255669553068	0.28261326963723765
FBgn0001977-1.fa	370	0.5254119766502648	1.0407586640838034	5.2667306023208385	5.2667306023208385	0.2024656210905468	0.11217020667211504
FBgn0031904-0.fa	386	0.47529527458430454	2.828433934287759	1.0597613338290304	1.0597613338290304	1.1980567594841487	1.0691970518844776
FBgn0039358-0.fa	334	0.36094083665883103	1.0000005570556845e-06	1.458774862415304	1.458774862415304	0.12281910175934087	1.0062756305425098
FBgn0037653-0.fa	322	0.5298048093071599	1.281973104299525	2.817765801400276	2.817765801400276	0.09039934084115152	1.0000001056790727e-06
FBgn0032702-1.fa	362	0.9400128428114066	1.1823460194962825	1.1232579307048511	1.1232579307048511	1.8437049648605222	1.8409108249445472
FBgn0033610-0.fa	316	0.9999712053597422	1.000000397848902e-06	1.0000003373887771e-06	1.0000003373887771e-06	0.06698281665601026	0.02635532648714184
FBgn0050344-1.fa	336	0.9711729736580705	2.6217009870207857	2.5201808758584923	2.5201808758584923	0.08428549838947005	0.08801067170840238
FBgn0259985-1.fa	524	0.24685698175168685	13.387759537700456	24.711160721510435	24.711160721510435	1.2387923093332887	1.2828418429894664
FBgn0034182-0.fa	300	0.8505843073771185	0.6886631637439027	0.542698300510877	0.542698300510877	2.593721817570762	2.8897625197016277
FBgn0259785-0.fa	396	0.72132672007276	1.072074195085882	1.7538906887844539	1.7538906887844539	0.03976630204738155	0.04648077708879641
FBgn0042138-0.fa	544	0.5826866043273972	0.6811989464987056	1.0000000416958446e-06	1.0000000416958446e-06	0.03918619904157106	0.03205393854058608
FBgn0038837-1.fa	602	0.5178210933479837	1.6542588430057652	3.004667575094488	3.004667575094488	0.8154606427290406	0.7731180866143631
