alignment	length	dmel_cpg	dsim_cpg	dyak_cpg
FBgn0037739-0.fa	350	0.39173702782616615	4.508162615207341	4.508162615207341
FBgn0036597-0.fa	328	1.0000007079394356e-06	1.312177443342557	1.312177443342557
FBgn0027945.fa	474	4.761130220237	49.99999999999999	49.99999999999999
FBgn0037606-1.fa	708	12.15151731401819	1.000002083718324e-06	1.000002083718324e-06
FBgn0037943-0.fa	308	0.711538453608772	0.9154269295677264	0.9154269295677264
FBgn0051741-1.fa	600	8.402993687791007	49.99999999976729	49.99999999976729
FBgn0038662-1.fa	478	0.7169282568246269	1.7084805381627532	1.7084805381627532
FBgn0028662-1.fa	338	1.0000000117314395e-06	1.000000141133112e-06	1.000000141133112e-06
FBgn0033812-0.fa	298	1.1100749578414255	1.0000000529248682e-06	1.0000000529248682e-06
FBgn0033101.fa	348	49.99999999738271	37.16419321127838	37.16419321127838
FBgn0033307-1.fa	302	1.0000025065913287e-06	1.5981692346330194	1.5981692346330194
FBgn0021906-1.fa	526	3.945813351797176	2.056618756022099	2.056618756022099
FBgn0053774.fa	322	0.2637183930138075	49.99999999933706	49.99999999933706
FBgn0037702-1.fa	692	8.622039753976997	0.9064459277377012	0.9064459277377012
FBgn0027493-1.fa	444	0.7931624221213187	1.6312823557557425	1.6312823557557425
FBgn0001308-0.fa	340	1.0000007988022597e-06	1.0000007975212033e-06	1.0000007975212033e-06
FBgn0031497-0.fa	344	49.99999999984856	1.000077643861793e-06	1.000077643861793e-06
FBgn0033500-0.fa	552	0.35079243288729556	0.696951724070482	0.696951724070482
FBgn0032042-1.fa	376	1.000001197169579e-06	1.0000006889669882e-06	1.0000006889669882e-06
FBgn0031478-0.fa	458	1.0552108900386063e-06	1.0000002946116145e-06	1.0000002946116145e-06
FBgn0033501-1.fa	352	0.8493344051255773	1.0000001913786757e-06	1.0000001913786757e-06
FBgn0032940-0.fa	292	1.0000138827462035e-06	5.132285942483834	5.132285942483834
FBgn0034694-1.fa	302	11.496854832374565	6.76120339501086	6.76120339501086
FBgn0032665.fa	326	0.5983060937565499	1.0000001987532315e-06	1.0000001987532315e-06
FBgn0036515-0.fa	308	49.999999999881176	1.0000214454927546e-06	1.0000214454927546e-06
FBgn0046114-1.fa	628	1.0000007905148468e-06	1.0000012522214867e-06	1.0000012522214867e-06
FBgn0264978-1.fa	374	0.8157107685657433	1.0000007223479434e-06	1.0000007223479434e-06
FBgn0015019-0.fa	440	1.000010177743878e-06	1.0571691101626055	1.0571691101626055
FBgn0029176-0.fa	360	1.0203552274165864e-06	2.1282604570086514	2.1282604570086514
FBgn0037492-0.fa	428	0.5212697438613298	1.1034596379147723	1.1034596379147723
FBgn0039875-0.fa	400	1.2676873968766604	0.7416514538344952	0.7416514538344952
FBgn0034590-0.fa	404	1.0001738787425437e-06	49.999999999219554	49.999999999219554
FBgn0043012-0.fa	332	0.5048728163925713	0.9289778015063698	0.9289778015063698
FBgn0005672-0.fa	384	1.0000029858793744e-06	1.0000003514025622e-06	1.0000003514025622e-06
FBgn0027580-0.fa	404	49.99999999839539	16.380384126943426	16.380384126943426
FBgn0037329-1.fa	438	0.5832656594311486	1.0003345794785092e-06	1.0003345794785092e-06
FBgn0034913-1.fa	408	4.846388245980791	15.785787137878586	15.785787137878586
FBgn0030403-1.fa	378	0.17827953613088154	1.0000001637987946e-06	1.0000001637987946e-06
FBgn0027095-0.fa	298	1.0000014212414513e-06	1.5584457746704041	1.5584457746704041
FBgn0000489-0.fa	474	1.0000008601547698e-06	1.0000008327211213e-06	1.0000008327211213e-06
FBgn0259178-1.fa	376	1.000000858758632e-06	0.4293815399596683	0.4293815399596683
FBgn0023540-1.fa	338	2.1650980304899496	1.0000065781526327e-06	1.0000065781526327e-06
FBgn0263606.fa	302	1.000000008738461e-06	1.0000000015797945e-06	1.0000000015797945e-06
FBgn0037980-0.fa	328	0.35991435694196106	2.2210923224139365	2.2210923224139365
FBgn0263602-1.fa	430	49.99999999965172	1.584347917298147	1.584347917298147
FBgn0051347-0.fa	354	2.140633582670606	3.362933465837053	3.362933465837053
FBgn0034401-1.fa	358	1.0000007337028724e-06	1.0000015458049042e-06	1.0000015458049042e-06
FBgn0032886-1.fa	464	4.097986426960921	1.9112451017575145	1.9112451017575145
FBgn0035772-1.fa	726	1.6687925251215527	1.3280059834531286	1.3280059834531286
FBgn0039402-0.fa	350	1.0000010363698657e-06	1.0000018232965626e-06	1.0000018232965626e-06
FBgn0000715-1.fa	390	1.0000001413745367e-06	1.0000001251408767e-06	1.0000001251408767e-06
FBgn0037670-0.fa	312	0.5394931010755506	3.0336024321363864	3.0336024321363864
FBgn0029913.fa	328	0.3143069280899534	1.0000009125302054e-06	1.0000009125302054e-06
FBgn0259876-0.fa	354	1.0000004686587618e-06	0.42886008097808287	0.42886008097808287
FBgn0259749-0.fa	314	1.8175797590410756	1.000000686088947e-06	1.000000686088947e-06
FBgn0034271-0.fa	300	1.1443660345350206	1.0000010873078206e-06	1.0000010873078206e-06
FBgn0026666-1.fa	330	1.000000262884297e-06	0.9292162505898344	0.9292162505898344
FBgn0033672-0.fa	300	2.0717328241344903	1.0000242893994246e-06	1.0000242893994246e-06
FBgn0010611-1.fa	446	1.7638039171232571	1.0000005741762995e-06	1.0000005741762995e-06
FBgn0033449-0.fa	300	1.0000000027439672e-06	1.0000006186681176e-06	1.0000006186681176e-06
FBgn0031377-1.fa	322	1.0000000482070772e-06	1.0000001569594432e-06	1.0000001569594432e-06
FBgn0015828-0.fa	370	13.139641164092005	13.528419672530285	13.528419672530285
FBgn0035025.fa	328	49.99999999858586	35.52379788585673	35.52379788585673
FBgn0033428.fa	360	2.434795888809309	1.52453396583324	1.52453396583324
FBgn0011305-1.fa	312	0.5649756587164622	0.6291684481440167	0.6291684481440167
FBgn0003011-1.fa	378	1.000000114817082e-06	1.58118394258244	1.58118394258244
FBgn0025335-0.fa	300	2.0090727588617474	1.830835909627768	1.830835909627768
FBgn0036372-0.fa	518	1.0000280568779339e-06	1.0000276391440656e-06	1.0000276391440656e-06
FBgn0036688-0.fa	596	2.6950464124869833	0.9656596686930222	0.9656596686930222
FBgn0037963-0.fa	722	30.50524209235898	3.411276118079973	3.411276118079973
FBgn0002791-0.fa	312	2.4374588733509572	1.6916374237117295	1.6916374237117295
FBgn0288846-0.fa	332	2.815693819661644	1.0000004880120277e-06	1.0000004880120277e-06
FBgn0284235-1.fa	452	1.0000001754898022e-06	1.0000008911399562e-06	1.0000008911399562e-06
FBgn0031041.fa	474	1.2812603336758164	0.02185357059301657	0.02185357059301657
FBgn0035909-0.fa	330	2.9035743085832477	5.760168460974857	5.760168460974857
FBgn0037488-0.fa	364	1.1830308759089332	1.9158902656526342	1.9158902656526342
FBgn0051961-0.fa	368	1.000001801905967e-06	1.037965757040328	1.037965757040328
FBgn0015582-1.fa	362	1.0000008811849203e-06	1.000000692983357e-06	1.000000692983357e-06
FBgn0047334-0.fa	354	1.8118786277247443	2.4636662263412585	2.4636662263412585
FBgn0067782-0.fa	296	10.304497956202944	6.554926653000176	6.554926653000176
FBgn0037918-1.fa	352	1.0000006031549601e-06	1.0000003670093228e-06	1.0000003670093228e-06
FBgn0034708-0.fa	382	0.39386959415444617	0.3219157092336019	0.3219157092336019
FBgn0031566-1.fa	536	1.0000006906207277e-06	0.9655744078837607	0.9655744078837607
FBgn0014469-0.fa	558	1.0000647436711604e-06	0.3687499088980578	0.3687499088980578
FBgn0036133-0.fa	364	1.0000003167589488e-06	1.0000001481235923e-06	1.0000001481235923e-06
FBgn0025820-0.fa	318	2.2566979131989258	2.627354997636617	2.627354997636617
FBgn0015296-1.fa	360	6.0718224574726225	9.68874033804613	9.68874033804613
FBgn0038654-0.fa	338	1.003734397112765	1.4567301224455047	1.4567301224455047
FBgn0250786-1.fa	1028	26.4062694691472	12.915467538817962	12.915467538817962
FBgn0040575.fa	352	2.0468988206601404	1.1344164945691793	1.1344164945691793
FBgn0026372-1.fa	444	0.825273790092638	1.0000483265861486e-06	1.0000483265861486e-06
FBgn0038316-0.fa	348	2.804104372915644	0.9716249982137736	0.9716249982137736
FBgn0035227-1.fa	338	0.7949051841354942	2.530950926164972	2.530950926164972
FBgn0029711-1.fa	358	1.000000186701586e-06	0.6582505678889503	0.6582505678889503
FBgn0038388.fa	680	0.5656556768072891	1.2916799621135928	1.2916799621135928
FBgn0038603-0.fa	560	1.81227054689968	1.0002202512399344e-06	1.0002202512399344e-06
FBgn0034573-1.fa	328	2.2884308563231275	4.131433734889359	4.131433734889359
FBgn0036488-0.fa	340	1.000000021635066e-06	2.0435065599778044	2.0435065599778044
FBgn0033665-0.fa	570	1.00628922835547	0.5332568338057981	0.5332568338057981
FBgn0038053-1.fa	408	14.291818730885186	14.1653326043084	14.1653326043084
FBgn0021967-0.fa	450	1.6525893805029972	1.2694942125413065	1.2694942125413065
FBgn0002354-0.fa	296	3.3844370231535805	6.03524221546445	6.03524221546445
FBgn0037934-1.fa	330	1.0000001503443656e-06	1.016818307699247	1.016818307699247
FBgn0038511-1.fa	368	0.4586953847626777	1.0004514559026677e-06	1.0004514559026677e-06
FBgn0013323-1.fa	380	4.11224717604572	5.7124854060560235	5.7124854060560235
FBgn0037606-0.fa	456	1.0000000536865363e-06	1.5318532262424214	1.5318532262424214
FBgn0031878-1.fa	366	2.4178808970088657	1.0000008659044864e-06	1.0000008659044864e-06
FBgn0035529.fa	480	1.0000011610249413e-06	6.200369377235472	6.200369377235472
FBgn0034704-0.fa	342	1.0000003855531398e-06	1.0000010279014078e-06	1.0000010279014078e-06
FBgn0035945-0.fa	478	0.9479407819088568	1.7851321636331494	1.7851321636331494
FBgn0034968-0.fa	484	7.79503960779444	1.000001258181738e-06	1.000001258181738e-06
FBgn0085476-1.fa	304	1.0290656974976522	49.9999999995873	49.9999999995873
FBgn0020510-1.fa	326	1.0549854813452535	1.5122582289823154	1.5122582289823154
FBgn0027493-0.fa	644	1.2339334616354898	1.5728795624578242	1.5728795624578242
FBgn0037539-0.fa	298	1.0000000541753417e-06	22.944512933281946	22.944512933281946
FBgn0261015-0.fa	414	0.0637827224773757	1.0000105248839047e-06	1.0000105248839047e-06
FBgn0262839-1.fa	492	4.166191246858583e-06	2.9382304084749105e-06	2.9382304084749105e-06
FBgn0261279-0.fa	612	1.3482127947590452	1.0000149179252174e-06	1.0000149179252174e-06
FBgn0027538-1.fa	572	0.15750019726826672	1.0004118954287937e-06	1.0004118954287937e-06
FBgn0035206-0.fa	430	49.99999999958719	29.100498559586896	29.100498559586896
FBgn0032444-1.fa	302	1.0000007620631001e-06	1.0000003701010428e-06	1.0000003701010428e-06
FBgn0033413-0.fa	538	1.0000006744001895e-06	1.9056004591871925	1.9056004591871925
FBgn0015521-0.fa	458	1.3352321413766488	1.1444830028168367	1.1444830028168367
FBgn0017566-1.fa	316	1.000000445503144e-06	2.279710515094965	2.279710515094965
FBgn0003676-0.fa	532	1.0000491867210087e-06	5.901005179440834	5.901005179440834
FBgn0027329-0.fa	322	1.63621761169379	1.0000045978390636e-06	1.0000045978390636e-06
FBgn0067864-0.fa	346	7.136465170796609	2.666087812064517	2.666087812064517
FBgn0035251-0.fa	424	1.0000007807375313e-06	1.2636007410182106	1.2636007410182106
FBgn0033243-1.fa	466	1.0433575472917143	1.0000065372708266e-06	1.0000065372708266e-06
FBgn0027503-0.fa	418	1.3560665206660758	1.000000044679474e-06	1.000000044679474e-06
FBgn0038233-1.fa	374	0.8655500017180646	2.5514403238233077	2.5514403238233077
FBgn0039321-0.fa	344	9.999358131747805	9.842411928977496	9.842411928977496
FBgn0003660-0.fa	342	0.040855260627034914	3.301283690527876	3.301283690527876
FBgn0036368-1.fa	304	1.0000011369932324e-06	49.999999999397765	49.999999999397765
FBgn0033272.fa	592	1.1268177266014785	0.06475752192574027	0.06475752192574027
FBgn0029137-1.fa	418	1.421238190645961	1.0000469477475302e-06	1.0000469477475302e-06
FBgn0035617-0.fa	376	1.9900966113877445	1.0000005554694822e-06	1.0000005554694822e-06
FBgn0036579-0.fa	390	1.0000240997523622e-06	1.000018518720939e-06	1.000018518720939e-06
FBgn0030341-1.fa	298	1.0000000257939989e-06	1.0000006032703097e-06	1.0000006032703097e-06
FBgn0015838-0.fa	338	1.0000001712760324e-06	1.0000003420896086e-06	1.0000003420896086e-06
FBgn0052075-1.fa	330	1.6485688252173705	0.5285147502957978	0.5285147502957978
FBgn0035866-0.fa	316	13.080528917527987	0.8600790330032819	0.8600790330032819
FBgn0087007-0.fa	656	1.0001315816272369e-06	3.1481639869043696	3.1481639869043696
FBgn0028541-1.fa	422	1.0000002519229308e-06	1.1710951577902644	1.1710951577902644
FBgn0002283-1.fa	356	1.00001335659998e-06	5.532837040410086	5.532837040410086
FBgn0014141-0.fa	424	49.999999999796515	1.000002461861959e-06	1.000002461861959e-06
FBgn0003884-1.fa	360	0.9475268906864	1.475641356994448	1.475641356994448
FBgn0028487-0.fa	334	28.463559092928037	1.9631560242918038	1.9631560242918038
FBgn0026533-0.fa	584	3.8907128395889234	2.218259497514305	2.218259497514305
FBgn0025109-1.fa	570	49.99999999981132	38.79444855068343	38.79444855068343
FBgn0016701-0.fa	308	1.0000000669372957e-06	0.29363980840151815	0.29363980840151815
FBgn0033570-1.fa	300	11.953169019767241	2.373315454205143	2.373315454205143
FBgn0284225-1.fa	550	1.0001327771973443	0.7300285436289975	0.7300285436289975
FBgn0033434-0.fa	382	1.0000002086690439e-06	1.0000010366186785e-06	1.0000010366186785e-06
FBgn0040475-1.fa	314	2.230284053730818	1.4751749791971742	1.4751749791971742
FBgn0266124-0.fa	410	2.273765943257359	3.689232957094486	3.689232957094486
FBgn0023530-0.fa	446	1.7982179521609591	8.055810149238209	8.055810149238209
FBgn0010380-1.fa	406	1.6145610397885541	2.0750247417397047	2.0750247417397047
FBgn0283471-0.fa	580	2.1637353060581423	1.0000002021133568e-06	1.0000002021133568e-06
FBgn0050360-0.fa	338	49.9999999998385	38.55530737432952	38.55530737432952
FBgn0261838-1.fa	330	1.0000004140294126e-06	1.0000014494999398e-06	1.0000014494999398e-06
FBgn0003076-1.fa	314	1.000000032843894e-06	1.0000000422932743e-06	1.0000000422932743e-06
FBgn0035581-0.fa	382	1.0000011705906822e-06	1.0000000213758564e-06	1.0000000213758564e-06
FBgn0286783-1.fa	692	1.0000001322670492e-06	1.0000003679919346e-06	1.0000003679919346e-06
FBgn0011509-1.fa	350	2.227645137690525	1.6022690249042384	1.6022690249042384
FBgn0033497-1.fa	378	7.226304072064287	1.0000225522064647e-06	1.0000225522064647e-06
FBgn0039849-0.fa	342	1.8703760644243718e-05	0.00023397369357265022	0.00023397369357265022
FBgn0032005-1.fa	338	1.0000001043995686e-06	1.0000002552476196e-06	1.0000002552476196e-06
FBgn0035169-0.fa	388	6.874864844544028	1.0000057111412294e-06	1.0000057111412294e-06
FBgn0026250-0.fa	340	1.0000004846409734e-06	1.0000002574117221e-06	1.0000002574117221e-06
FBgn0035410-1.fa	330	35.61573573921979	20.509000438052063	20.509000438052063
FBgn0027568-1.fa	326	1.0000025671090164e-06	7.007460155548112	7.007460155548112
FBgn0034914-0.fa	484	0.9208057875132947	0.9207189861298686	0.9207189861298686
FBgn0263351-0.fa	318	1.2172844806813383	1.0000001013224796e-06	1.0000001013224796e-06
FBgn0035761.fa	334	1.7353925939205894	1.3732028519845547	1.3732028519845547
FBgn0039636.fa	442	11.824297902062245	0.7580751419103552	0.7580751419103552
FBgn0260012-1.fa	752	1.00000030992651e-06	1.0000003483288865e-06	1.0000003483288865e-06
FBgn0041706-1.fa	340	3.8187434394189066	1.8850048139156081	1.8850048139156081
FBgn0260229-1.fa	310	1.0000162520978057e-06	1.0000024346886476e-06	1.0000024346886476e-06
FBgn0000565-1.fa	404	1.4425001134473066	0.7470744506987207	0.7470744506987207
FBgn0014930-1.fa	394	4.060767235408804	21.273488219396853	21.273488219396853
FBgn0262516-1.fa	674	2.0170442333898295	0.3353415378608407	0.3353415378608407
FBgn0038961-1.fa	336	2.0643235161034785	1.0000016757135761e-06	1.0000016757135761e-06
FBgn0002431-1.fa	338	1.0000000022860741e-06	0.634084993999752	0.634084993999752
FBgn0086532-1.fa	306	3.0787833599413776	1.0000007968726602e-06	1.0000007968726602e-06
FBgn0031652-1.fa	486	7.880701048215611	1.0000001368747934e-06	1.0000001368747934e-06
FBgn0035283-0.fa	452	1.0000050223502995e-06	0.5756665311345857	0.5756665311345857
FBgn0031039-1.fa	374	2.9760078943290558	1.000006832792617e-06	1.000006832792617e-06
FBgn0035000-0.fa	344	1.3559262636279486e-05	1.816627342498662e-05	1.816627342498662e-05
FBgn0036769-0.fa	392	0.3847913411724685	3.8172215452110794	3.8172215452110794
FBgn0032880-1.fa	464	1.0000004688192538e-06	1.00000054117134e-06	1.00000054117134e-06
FBgn0031771.fa	472	49.999999999323094	31.04338001332651	31.04338001332651
FBgn0015834-1.fa	302	1.0000000662811698e-06	1.3417296742845994	1.3417296742845994
FBgn0031038-1.fa	374	2.9760078943290558	1.000006832792617e-06	1.000006832792617e-06
FBgn0039776-1.fa	324	49.999999999928164	49.99999999935071	49.99999999935071
FBgn0024352-0.fa	312	1.2277696069458375	1.0000005958366088e-06	1.0000005958366088e-06
FBgn0029799-1.fa	310	1.467571049570612	1.232853471541417	1.232853471541417
FBgn0037504-1.fa	400	2.4333735666972425	3.3815503695718254	3.3815503695718254
FBgn0035539-1.fa	328	0.3225861715080505	1.0000276256899508e-06	1.0000276256899508e-06
FBgn0033547-1.fa	442	1.0000024863343799e-06	9.281135089305112	9.281135089305112
FBgn0039126-0.fa	366	37.27375349459922	49.99999999365869	49.99999999365869
FBgn0033382-1.fa	824	1.0000000600513581e-06	1.2459457543585095	1.2459457543585095
FBgn0039726.fa	364	1.814993194009845	1.0000000195268413e-06	1.0000000195268413e-06
FBgn0031995-1.fa	428	1.7400514047121625	0.6779041771328261	0.6779041771328261
FBgn0040793-0.fa	330	1.0000004303343697e-06	1.0000009022925578e-06	1.0000009022925578e-06
FBgn0024806-1.fa	344	1.000005488089201e-06	1.0000044310524384e-06	1.0000044310524384e-06
FBgn0263110-0.fa	330	1.0000039990075333e-06	1.0000039647783544e-06	1.0000039647783544e-06
FBgn0027495-0.fa	308	1.0000002736920829e-06	0.4477775521185127	0.4477775521185127
FBgn0013764.fa	564	0.17583790978107405	1.0000001122777245e-06	1.0000001122777245e-06
FBgn0031392-0.fa	362	5.415256303151451	15.290488902345244	15.290488902345244
FBgn0033209.fa	382	0.3421965436921935	3.0917033093501263	3.0917033093501263
FBgn0261086-1.fa	382	0.74931998412399	1.1333365587190203	1.1333365587190203
FBgn0038598-0.fa	314	1.0000004207756137e-06	8.141690436139124	8.141690436139124
FBgn0000499-1.fa	304	1.1789799891369699	0.8540420267049217	0.8540420267049217
FBgn0031281-1.fa	378	1.0000022928571717e-06	3.344480033054225	3.344480033054225
FBgn0002431-0.fa	418	1.0000119459940044e-06	1.0000021858898961e-06	1.0000021858898961e-06
FBgn0085308-0.fa	322	1.0000000514775013e-06	1.0000005758485007e-06	1.0000005758485007e-06
FBgn0032511-1.fa	432	0.3798899096539445	3.654683302792526	3.654683302792526
FBgn0285950-1.fa	460	1.0003355128120464	1.0000026732857453e-06	1.0000026732857453e-06
FBgn0041087-1.fa	300	1.0000004996829556e-06	4.241418857717154	4.241418857717154
FBgn0010621-0.fa	546	0.29042682741128995	0.39068611810942705	0.39068611810942705
FBgn0263038-0.fa	478	36.23125776028746	49.999999999974214	49.999999999974214
FBgn0262716-1.fa	350	1.7764359280088418	1.676232664625553	1.676232664625553
FBgn0024754-1.fa	302	0.789739279098431	1.5886309037256638	1.5886309037256638
FBgn0024689-1.fa	300	0.6594538538475365	1.0000009735668114e-06	1.0000009735668114e-06
FBgn0004403-1.fa	378	1.000000225542679e-06	0.35503797909646967	0.35503797909646967
FBgn0005642-1.fa	310	1.0000000239632092e-06	1.0000011640397031e-06	1.0000011640397031e-06
FBgn0032474-1.fa	546	0.5624833231280875	1.0275116442145644	1.0275116442145644
FBgn0036334-0.fa	368	1.0000000242101777e-06	1.000000284809552e-06	1.000000284809552e-06
FBgn0013954-1.fa	336	1.0000004205787825e-06	0.9596452784580348	0.9596452784580348
FBgn0260458-0.fa	336	4.682252806478902	1.00000216352233e-06	1.00000216352233e-06
FBgn0039280-1.fa	310	1.0000162520978057e-06	1.0000024346886476e-06	1.0000024346886476e-06
FBgn0036549-0.fa	652	1.3491634497828633	1.2003548121501157	1.2003548121501157
FBgn0000181-0.fa	586	0.35193524099436424	1.6932529168839756	1.6932529168839756
FBgn0025109-0.fa	296	30.61872931683103	28.92099449892818	28.92099449892818
FBgn0034365-1.fa	298	1.0000000395701476e-06	1.142228660039115	1.142228660039115
FBgn0035517.fa	562	1.0000009685986402e-06	2.437898117918243	2.437898117918243
FBgn0039691.fa	336	5.078604106012958	4.693843219415011	4.693843219415011
FBgn0016701-1.fa	456	0.3984832008139533	0.5142133532698295	0.5142133532698295
FBgn0288857-0.fa	464	0.548955060933731	6.281124443807173	6.281124443807173
FBgn0037374-0.fa	302	0.4669876472852212	1.0000406703194594e-06	1.0000406703194594e-06
FBgn0033463-1.fa	490	4.122644504283897	4.4576283238010355	4.4576283238010355
FBgn0016687-1.fa	464	0.8423647062911582	1.502790957311029	1.502790957311029
FBgn0011211-0.fa	390	1.0000001496531975e-06	5.023323355626575	5.023323355626575
FBgn0037709-1.fa	340	2.7998209291772307	1.9261518268261173	1.9261518268261173
FBgn0000416-0.fa	732	1.0000003910062236e-06	1.0728303012727383	1.0728303012727383
FBgn0016691-1.fa	366	1.9130767084303189	0.8769363580685291	0.8769363580685291
FBgn0004510-0.fa	326	49.99999999966171	1.000405419216446e-06	1.000405419216446e-06
FBgn0039644-1.fa	442	1.0000068789117095e-06	1.0000442088058462e-06	1.0000442088058462e-06
FBgn0027509-0.fa	326	1.0000022039336071e-06	0.737691469755463	0.737691469755463
FBgn0014269-0.fa	354	2.5681471819091026	2.2722590272976224	2.2722590272976224
FBgn0035471-0.fa	304	0.8550009271452979	0.7774267001376886	0.7774267001376886
FBgn0030873-1.fa	450	1.0000003020914984e-06	0.6478646464587373	0.6478646464587373
FBgn0285971-0.fa	378	2.606876128062386	1.1626077433954731	1.1626077433954731
FBgn0036820-0.fa	394	20.493968219306996	9.030920521325159	9.030920521325159
FBgn0011745-0.fa	344	1.9903735785004257	2.94625516907313	2.94625516907313
FBgn0035519-1.fa	320	3.7166915905453943	5.765948862274412	5.765948862274412
FBgn0262126-1.fa	302	1.0000001157677156e-06	1.0000000092703059e-06	1.0000000092703059e-06
FBgn0014028-1.fa	514	15.894236249247225	6.223578643665584	6.223578643665584
FBgn0038515-0.fa	360	1.0000000156316281e-06	0.671410077487462	0.671410077487462
FBgn0020626-1.fa	370	0.3043096758788385	0.5891001610530837	0.5891001610530837
FBgn0031871-1.fa	632	0.6795045040691752	1.244992598652054	1.244992598652054
FBgn0033266-1.fa	706	2.405536185812142	1.0000020571142911e-06	1.0000020571142911e-06
FBgn0034262-1.fa	298	49.9999999989829	26.427763894478172	26.427763894478172
FBgn0011785-0.fa	474	0.6010938491407383	0.9132447387022282	0.9132447387022282
FBgn0025865-1.fa	486	1.1823173715881992	12.238045665943492	12.238045665943492
FBgn0029095-0.fa	322	1.0000000009054521e-06	1.0000005435704766e-06	1.0000005435704766e-06
FBgn0010747-0.fa	374	1.00000182510821e-06	1.0000016728366372e-06	1.0000016728366372e-06
FBgn0036819-0.fa	368	1.4064850785832243e-05	3.1643098668979124e-06	3.1643098668979124e-06
FBgn0034577-0.fa	362	5.2564029406423085	1.000000916434661e-06	1.000000916434661e-06
FBgn0028692-0.fa	298	5.950408017186771	4.486986598811499	4.486986598811499
FBgn0044419-0.fa	336	4.682252806478902	1.00000216352233e-06	1.00000216352233e-06
FBgn0085405-0.fa	336	1.000000182005276e-06	0.5999059342782835	0.5999059342782835
FBgn0015338-0.fa	358	1.0000032498296694e-06	1.000011293935497e-06	1.000011293935497e-06
FBgn0032214.fa	314	1.0000013715744679e-06	0.06845422615032432	0.06845422615032432
FBgn0038017-1.fa	330	1.00000434070208e-06	0.716261981564348	0.716261981564348
FBgn0038693-1.fa	372	1.0000012369436212e-06	2.751899109709356	2.751899109709356
FBgn0016684-1.fa	668	0.11895768146241815	1.0000104849450148e-06	1.0000104849450148e-06
FBgn0263260-1.fa	336	1.0000010514932045e-06	2.122180371824357	2.122180371824357
FBgn0028690.fa	484	3.5627748757846502	1.0000001724625591e-06	1.0000001724625591e-06
FBgn0035872-0.fa	612	1.470392718450917	1.5233799365406242	1.5233799365406242
FBgn0033925-1.fa	462	1.0000003555063636e-06	0.3288108095547447	0.3288108095547447
FBgn0261381.fa	328	1.000000323857147e-06	1.0000004026409214e-06	1.0000004026409214e-06
FBgn0283649-1.fa	650	1.0000000235005106e-06	1.8098713856186999	1.8098713856186999
FBgn0030718-1.fa	310	1.0003643715332295e-06	1.0003643715417271e-06	1.0003643715417271e-06
FBgn0036273-1.fa	472	0.25919859531376455	1.000002788720693e-06	1.000002788720693e-06
FBgn0034537-1.fa	324	3.4029944886421055	1.0000003910897177e-06	1.0000003910897177e-06
FBgn0086706-0.fa	472	1.9143848279623268	1.0000101383941955e-06	1.0000101383941955e-06
FBgn0038325-0.fa	808	1.5670741295314836	0.9597330144522609	0.9597330144522609
FBgn0050381-0.fa	330	1.0000325589562607e-06	49.99999999992408	49.99999999992408
FBgn0038922-1.fa	442	0.7218923090795506	0.6807071313368172	0.6807071313368172
FBgn0034452-1.fa	396	1.2674527726245042	1.0000593312006544e-06	1.0000593312006544e-06
FBgn0050343-1.fa	482	3.2511222614082558e-06	2.1751111186533885e-06	2.1751111186533885e-06
FBgn0035540-0.fa	504	1.0000103959657644e-06	2.9233416275309456	2.9233416275309456
FBgn0031776.fa	292	8.866787546220786	2.9286603115812504	2.9286603115812504
FBgn0261396-1.fa	314	2.0028840401332944	1.0000094535505725e-06	1.0000094535505725e-06
FBgn0038055.fa	362	6.7835214358337135	4.732396424030379	4.732396424030379
FBgn0261953-1.fa	422	11.843451514700282	1.000202647200044e-06	1.000202647200044e-06
FBgn0004837-0.fa	402	1.6728617960933094	1.204684766114799	1.204684766114799
FBgn0026479-1.fa	294	1.0000039557943655e-06	1.000000012854456e-06	1.000000012854456e-06
FBgn0032339-0.fa	336	1.0000003478487406e-06	1.000000297142691e-06	1.000000297142691e-06
FBgn0035255-1.fa	302	0.9170375172545466	5.6257065752297315	5.6257065752297315
FBgn0031450-0.fa	330	2.8001588417400884	4.963741181019024	4.963741181019024
FBgn0035520.fa	448	1.2161766884982217	2.5270569719361946	2.5270569719361946
FBgn0085370-0.fa	1190	1.0271183008360234	1.5072157508531143	1.5072157508531143
FBgn0021796-0.fa	390	1.0000000656628468e-06	1.4028640356476514	1.4028640356476514
FBgn0034310-0.fa	312	0.8389278777861657	1.1961960963399252	1.1961960963399252
FBgn0027950-1.fa	304	5.101707058937913	1.0000008261376744e-06	1.0000008261376744e-06
FBgn0032801-0.fa	788	0.6248830325800331	1.1204505435728893	1.1204505435728893
FBgn0033656-0.fa	340	1.000000749467065e-06	1.5392096708738097	1.5392096708738097
FBgn0265052-1.fa	432	1.0000001101474267e-06	1.0152438435534934	1.0152438435534934
FBgn0036004-0.fa	514	0.8195419482950466	1.0000013806170746e-06	1.0000013806170746e-06
FBgn0037843-0.fa	364	0.7134580189852789	1.1647834524406113	1.1647834524406113
FBgn0038870-0.fa	310	1.0000020006071854e-06	0.6876537315773542	0.6876537315773542
FBgn0022787-1.fa	270	14.081292020835296	13.230159171730142	13.230159171730142
FBgn0036317-0.fa	454	0.07882504635183427	1.0000006420962096e-06	1.0000006420962096e-06
FBgn0015477-0.fa	388	1.7831399321690382	0.41658286668261635	0.41658286668261635
FBgn0050011-1.fa	452	1.0000001754898022e-06	1.0000008911399562e-06	1.0000008911399562e-06
FBgn0038535-0.fa	452	6.344290877715022	5.693447809106884	5.693447809106884
FBgn0037414-0.fa	396	4.43014878949058	2.6933470281670857	2.6933470281670857
FBgn0034184-1.fa	314	0.5354480676939521	0.0080984940199946	0.0080984940199946
FBgn0003977-1.fa	290	0.8427739939718181	0.39928920313240635	0.39928920313240635
FBgn0025700-0.fa	504	1.8607917066775401	2.008338248432833	2.008338248432833
FBgn0031643.fa	528	3.362118328472381	0.2535372096415926	0.2535372096415926
FBgn0041712-1.fa	348	5.799027062594387	4.461870747353959	4.461870747353959
FBgn0032817-1.fa	312	49.99999999946429	49.99999999995532	49.99999999995532
FBgn0031692-1.fa	446	1.0000000000189009e-06	2.219718706002546	2.219718706002546
FBgn0027087-1.fa	308	0.2891933770192382	1.0000024059469893e-06	1.0000024059469893e-06
FBgn0260991-0.fa	382	0.7193841079354661	3.292491177527452	3.292491177527452
FBgn0037012-0.fa	488	49.99999976161791	43.455218070390835	43.455218070390835
FBgn0000032-1.fa	518	1.8597673428011072	0.6314496546499274	0.6314496546499274
FBgn0261353.fa	328	1.000000323857147e-06	1.0000004026409214e-06	1.0000004026409214e-06
FBgn0037638-0.fa	282	1.000001859462869e-06	1.6714805573634235	1.6714805573634235
FBgn0262955-0.fa	330	1.0000002728784846e-06	1.0000003982255093e-06	1.0000003982255093e-06
FBgn0033744-1.fa	642	1.00005157928126e-06	4.614629617011964	4.614629617011964
FBgn0032343-0.fa	378	2.448808400805224	1.0000020245935826e-06	1.0000020245935826e-06
FBgn0021796-1.fa	300	1.0000091176131025e-06	1.0000038010973447e-06	1.0000038010973447e-06
FBgn0037680-0.fa	534	0.7889910599962934	1.0000005726491024e-06	1.0000005726491024e-06
FBgn0031684-1.fa	430	1.0000025693281446e-06	1.5103849201613986	1.5103849201613986
FBgn0032800-0.fa	962	1.931116950468817	1.767627904213405	1.767627904213405
FBgn0040929-1.fa	478	1.0000000234718617e-06	1.0000006760490139e-06	1.0000006760490139e-06
FBgn0035279-0.fa	466	1.0000001399300387e-06	1.000000506534243e-06	1.000000506534243e-06
FBgn0035853-0.fa	298	3.290689286060239	1.0000009736442054e-06	1.0000009736442054e-06
FBgn0083972-0.fa	472	0.9077641426052083	1.1296914104407547	1.1296914104407547
FBgn0030314.fa	348	5.0283819027236065	0.6401684937319836	0.6401684937319836
FBgn0033529-0.fa	298	1.337154791700684	0.4112658053316717	0.4112658053316717
FBgn0033753-0.fa	326	1.0379642674702112e-06	1.5012353664857838	1.5012353664857838
FBgn0050338-0.fa	382	1.0000002086690439e-06	1.0000010366186785e-06	1.0000010366186785e-06
FBgn0027655-0.fa	372	1.0000005057400654e-06	2.909821866723332	2.909821866723332
FBgn0032704-1.fa	330	11.095907985128694	1.0000000900467656e-06	1.0000000900467656e-06
FBgn0033929-0.fa	338	2.365637208851155	2.3530299184748484	2.3530299184748484
FBgn0085433-1.fa	328	1.0000000590538413e-06	1.000000054249835e-06	1.000000054249835e-06
FBgn0032246-1.fa	346	0.1596641678683051	1.0000000505082536e-06	1.0000000505082536e-06
FBgn0010622-1.fa	330	4.106669408046631	0.7229182045100669	0.7229182045100669
FBgn0034184-0.fa	442	0.7350314499771039	1.0000002649030738e-06	1.0000002649030738e-06
FBgn0028427-1.fa	308	1.4600843188643389	1.0000016604866376e-06	1.0000016604866376e-06
FBgn0037897-0.fa	316	1.394042215153337	1.0000001183283485e-06	1.0000001183283485e-06
FBgn0038145-1.fa	524	1.0000004656165308e-06	0.1875832652711573	0.1875832652711573
FBgn0039112-0.fa	322	1.9577105037331382	1.0000001383454554e-06	1.0000001383454554e-06
FBgn0031522-0.fa	314	12.46994741106256	1.0000053130824966e-06	1.0000053130824966e-06
FBgn0051159-0.fa	320	0.6714304992749571	1.0093052904056934e-06	1.0093052904056934e-06
FBgn0052133-1.fa	462	7.071181198306494	1.0000001374847126e-06	1.0000001374847126e-06
FBgn0261837-1.fa	330	1.0000004140294126e-06	1.0000014494999398e-06	1.0000014494999398e-06
FBgn0039187-1.fa	522	2.8308785535185472	0.6063507127822138	0.6063507127822138
FBgn0039188.fa	316	1.0000000339456278e-06	2.6529165549814064	2.6529165549814064
FBgn0035865-0.fa	480	1.0000000736814339e-06	4.575561516799277	4.575561516799277
FBgn0045064-1.fa	330	49.99999999562478	1.0012033740076053e-06	1.0012033740076053e-06
FBgn0024556.fa	304	1.192907948191972	3.7852999011602613	3.7852999011602613
FBgn0039153-0.fa	302	1.186729526680117	1.0000001989153898e-06	1.0000001989153898e-06
FBgn0031830-0.fa	596	1.1096642349212422	1.0000001483006188e-06	1.0000001483006188e-06
FBgn0040773-1.fa	396	4.015538224286761	4.071912092504159	4.071912092504159
FBgn0003941-0.fa	358	1.409947127578899	1.0000001184109899e-06	1.0000001184109899e-06
FBgn0011286-1.fa	382	3.072355023940407	2.4582489737678523	2.4582489737678523
FBgn0243511-1.fa	356	1.2912635562663115	1.2907474590569215	1.2907474590569215
FBgn0033461-1.fa	432	1.0000003624238407e-06	1.0000007622770056e-06	1.0000007622770056e-06
FBgn0086784-1.fa	444	1.5668000228358139	1.5007773949183556	1.5007773949183556
FBgn0031959-0.fa	338	1.0000000308386268e-06	1.1374291142550277	1.1374291142550277
FBgn0267824-1.fa	580	1.6739274854229986	1.4022417146728698	1.4022417146728698
FBgn0010638-1.fa	364	1.000000753151207e-06	1.0000000496976716e-06	1.0000000496976716e-06
FBgn0036474-1.fa	346	1.0000098501088034e-06	3.4608996743558786	3.4608996743558786
FBgn0033699-1.fa	590	1.0000016905579117e-06	0.9181577632517356	0.9181577632517356
FBgn0031098-1.fa	320	49.99999999997997	12.496688026441657	12.496688026441657
FBgn0039152-1.fa	554	1.0000003154446452e-06	1.0000020595524987e-06	1.0000020595524987e-06
FBgn0015247-1.fa	302	1.8500188677504228	1.000000054287586e-06	1.000000054287586e-06
FBgn0017579-0.fa	362	1.000000025361099e-06	1.0000000752357124e-06	1.0000000752357124e-06
FBgn0000045-1.fa	430	0.7438078631280509	1.0000586418899317e-06	1.0000586418899317e-06
FBgn0024326-1.fa	512	2.607660863252698	1.0000014146409636e-06	1.0000014146409636e-06
FBgn0037731-1.fa	472	1.000021627390786e-06	1.000010084688278e-06	1.000010084688278e-06
FBgn0015790-0.fa	482	1.2141407920100193	1.0000083354358046e-06	1.0000083354358046e-06
FBgn0262125-0.fa	354	1.00000032243089e-06	0.8794556789691235	0.8794556789691235
FBgn0085279-0.fa	318	0.5110604854033012	1.0000001543866065e-06	1.0000001543866065e-06
FBgn0044452-0.fa	352	1.0000000481715287e-06	1.000000065898358e-06	1.000000065898358e-06
FBgn0264829-1.fa	296	1.0000000593766606e-06	1.000000013855623e-06	1.000000013855623e-06
FBgn0263046-0.fa	376	1.0000005692063292e-06	1.000000283724212e-06	1.000000283724212e-06
FBgn0032168-1.fa	346	0.5837109370903901	1.6002803952046294	1.6002803952046294
FBgn0034245-0.fa	398	0.41116590101172934	1.3935029290410441	1.3935029290410441
FBgn0033515-1.fa	340	2.8009733540152477	1.4074965231714647	1.4074965231714647
FBgn0027081-0.fa	304	1.8181501525701318	1.0000024493583676e-06	1.0000024493583676e-06
FBgn0034642-0.fa	296	0.6457264642456801	2.1366139872570282	2.1366139872570282
FBgn0035253-1.fa	298	2.8210127923145185	2.217051150702313	2.217051150702313
FBgn0038877-1.fa	322	2.827722424467613	6.542319039596525	6.542319039596525
FBgn0010408-1.fa	286	1.1506066149479587e-06	2.2970983027003125	2.2970983027003125
FBgn0022153-0.fa	602	1.8525645756196585	1.000001662942791e-06	1.000001662942791e-06
FBgn0036516-1.fa	590	18.24882235751037	49.99999999982065	49.99999999982065
FBgn0032256-0.fa	326	1.1015277515266575	0.8269206445043914	0.8269206445043914
FBgn0039175-1.fa	292	1.000001147437256e-06	1.000000538337179e-06	1.000000538337179e-06
FBgn0039733-0.fa	506	1.789829355416403	1.7896926030450997	1.7896926030450997
FBgn0034985-1.fa	298	3.160508621309357	1.0000030324338642e-06	1.0000030324338642e-06
FBgn0005671-1.fa	312	1.7942905077750477	1.0000000592335287e-06	1.0000000592335287e-06
FBgn0025678-1.fa	476	2.293565659565211	1.9884569543316462	1.9884569543316462
FBgn0283678-0.fa	300	1.0000102431541915e-06	1.4047456985099462	1.4047456985099462
FBgn0037146-0.fa	372	0.8046043654187047	1.2037301667009628	1.2037301667009628
FBgn0029088-1.fa	362	6.246278908619373	15.54237706593615	15.54237706593615
FBgn0082831-0.fa	342	1.0000034851864135e-06	1.7116900035001534	1.7116900035001534
FBgn0031457-1.fa	472	3.4431310139335736	2.3990052043046854	2.3990052043046854
FBgn0027079-1.fa	296	1.0000001462801228e-06	0.6687122904849208	0.6687122904849208
FBgn0034585-1.fa	354	42.95198980241918	11.623563291060309	11.623563291060309
FBgn0042180-1.fa	376	2.7647085227601695	8.292284183807658	8.292284183807658
FBgn0033539-1.fa	302	1.000011998640913e-06	1.0000165356737346e-06	1.0000165356737346e-06
FBgn0035402-1.fa	312	1.0000001536148025e-06	1.0000002176862949e-06	1.0000002176862949e-06
FBgn0042641-1.fa	328	1.1268874502003998	1.1737091928867411	1.1737091928867411
FBgn0033902-0.fa	422	1.0000001324480156e-06	2.3159775883262674	2.3159775883262674
FBgn0051201-1.fa	376	1.0000003042064988e-06	1.0000006749632987e-06	1.0000006749632987e-06
FBgn0033260-1.fa	532	1.807271659952524	0.8116073402109905	0.8116073402109905
FBgn0036726.fa	434	1.000000265769071e-06	0.7974703841266954	0.7974703841266954
FBgn0028544-0.fa	500	1.0000000050594307e-06	1.0000005879755449e-06	1.0000005879755449e-06
FBgn0040763-0.fa	314	1.000001543456889e-06	1.000001276795752e-06	1.000001276795752e-06
FBgn0250838-1.fa	408	0.7748801282753115	1.0000004174674922e-06	1.0000004174674922e-06
FBgn0062412-1.fa	292	49.99999999891264	4.531986078023482	4.531986078023482
FBgn0038251-1.fa	358	5.107914924166595	1.1437442196859544	1.1437442196859544
FBgn0003317-0.fa	312	1.3318847822058086	1.0000000999141252e-06	1.0000000999141252e-06
FBgn0264075-1.fa	328	1.0000000397182833e-06	1.0000000161015224e-06	1.0000000161015224e-06
FBgn0037472-1.fa	358	45.64744221844025	49.99999999963515	49.99999999963515
FBgn0029800-0.fa	248	3.0511129409627884	0.9730599105331289	0.9730599105331289
FBgn0031660-1.fa	378	1.0974855840418383	1.0000001211449117e-06	1.0000001211449117e-06
FBgn0028342-0.fa	368	1.167840740653758	0.39509201582443526	0.39509201582443526
FBgn0005596-0.fa	300	1.0000333624860833e-06	0.9967173159449702	0.9967173159449702
FBgn0086346-0.fa	370	2.9131705498312153	5.82915008146593	5.82915008146593
FBgn0026371-1.fa	558	1.957016350704394	1.3582864509863093	1.3582864509863093
FBgn0032518-1.fa	348	1.0000004948411675e-06	1.000001332159536e-06	1.000001332159536e-06
FBgn0031437-0.fa	462	0.21045735044973196	3.228568892195817	3.228568892195817
FBgn0034265-0.fa	352	1.0000151086956433e-06	10.129825113086394	10.129825113086394
FBgn0011740-0.fa	332	1.000000219523947e-06	3.68665940664347	3.68665940664347
FBgn0001941-1.fa	616	2.931654211842857	1.8116397934745914	1.8116397934745914
FBgn0036761-1.fa	360	19.989561320397144	0.8862989303792819	0.8862989303792819
FBgn0038617-0.fa	398	2.045821529800559	1.8830005579404077	1.8830005579404077
FBgn0031820-0.fa	440	1.0000001149235604e-06	1.985478642523397	1.985478642523397
FBgn0025725.fa	422	1.0878233992945872	1.0000016280986947e-06	1.0000016280986947e-06
FBgn0032260-1.fa	302	0.42169046319649633	0.25435470657156706	0.25435470657156706
FBgn0010741-1.fa	556	1.000000404696755e-06	0.659029963448723	0.659029963448723
FBgn0037176.fa	370	1.9123999099156026	1.871544458020106	1.871544458020106
FBgn0003044-0.fa	604	13.061141419306281	1.0000002576575237e-06	1.0000002576575237e-06
FBgn0031636-1.fa	326	49.999999999683496	1.00033652811647e-06	1.00033652811647e-06
FBgn0023172-1.fa	370	1.0000000000758492e-06	49.999999999897234	49.999999999897234
FBgn0027561-1.fa	632	1.000000911622712e-06	2.0057906003531922	2.0057906003531922
FBgn0010612-1.fa	324	5.612789048966792	1.0000007812803935e-06	1.0000007812803935e-06
FBgn0037074-1.fa	458	0.5366985578821757	0.28986197890602633	0.28986197890602633
FBgn0033934-1.fa	398	3.356503486613339	2.142527560559673	2.142527560559673
FBgn0031661-1.fa	336	1.0000058289707831e-06	8.69251430643516	8.69251430643516
FBgn0024360-0.fa	386	0.8066380097808972	2.5335864010861817	2.5335864010861817
FBgn0028969-0.fa	398	0.21433015947321293	0.7616654233612664	0.7616654233612664
FBgn0264560-0.fa	348	1.0000006163455971e-06	1.0000005839903747e-06	1.0000005839903747e-06
FBgn0032172-0.fa	312	1.000000251323181e-06	3.6596876570287957	3.6596876570287957
FBgn0019936-0.fa	452	1.2163444092148412	1.000000703123068e-06	1.000000703123068e-06
FBgn0036075-1.fa	354	1.1095552669981892	1.0000047938703298e-06	1.0000047938703298e-06
FBgn0036999-1.fa	624	24.547829443734294	49.99999999984012	49.99999999984012
FBgn0027560-0.fa	396	1.3203316874913595	1.2003613754094262	1.2003613754094262
FBgn0035032-1.fa	384	4.88053551956906	1.0000156562282836e-06	1.0000156562282836e-06
FBgn0029092-0.fa	752	1.0000253086413082e-06	0.47413569586750054	0.47413569586750054
FBgn0038545-0.fa	358	1.5767301034110432	1.2558241317499146	1.2558241317499146
FBgn0015000-0.fa	568	1.0000007164497559e-06	1.0000007164176624e-06	1.0000007164176624e-06
FBgn0046874-0.fa	414	0.0637827224773757	1.0000105248839047e-06	1.0000105248839047e-06
FBgn0002183-1.fa	304	0.8383767399408951	1.0000000042188515e-06	1.0000000042188515e-06
FBgn0264432-1.fa	338	1.7891655663611754	1.0000001264337128e-06	1.0000001264337128e-06
FBgn0035423-1.fa	298	49.999999999907644	33.63090495157467	33.63090495157467
FBgn0027608-0.fa	344	7.196780534254502	0.5404199542169733	0.5404199542169733
FBgn0024245-1.fa	356	2.773008742536125	2.098600363924906	2.098600363924906
FBgn0032538-0.fa	430	1.0000321003137003e-06	2.262364429167848	2.262364429167848
FBgn0036501-1.fa	376	0.35089270266987516	1.000022399018133e-06	1.000022399018133e-06
FBgn0036717-0.fa	392	1.0000019432064227e-06	0.6600763213951745	0.6600763213951745
FBgn0022097.fa	320	1.5358375253594116e-06	4.587186168539503e-06	4.587186168539503e-06
FBgn0086370-1.fa	686	1.000001080943676e-06	1.160557487203243	1.160557487203243
FBgn0002989-0.fa	452	0.20363671407093434	0.2036509077686603	0.2036509077686603
FBgn0039620-0.fa	326	49.999999999789075	1.0000339695615382e-06	1.0000339695615382e-06
FBgn0026239-1.fa	488	0.10942296615438367	5.500059482223919	5.500059482223919
FBgn0024291-0.fa	426	49.99999996340729	1.000500908405223e-06	1.000500908405223e-06
FBgn0016119-1.fa	298	1.000000162769584e-06	1.1542857204166375	1.1542857204166375
FBgn0029174-1.fa	292	1.0000000767581339e-06	1.4637523638117595	1.4637523638117595
FBgn0034946-0.fa	390	3.2500978897804407	1.304168653097491	1.304168653097491
FBgn0037756-1.fa	312	11.796423918767562	0.042482552946437456	0.042482552946437456
FBgn0030991-0.fa	340	49.99999989270877	43.34876841773761	43.34876841773761
FBgn0027358.fa	474	1.2812603336758164	0.02185357059301657	0.02185357059301657
FBgn0261596-0.fa	408	0.7863778275396628	7.834495807740159	7.834495807740159
FBgn0038821-1.fa	338	1.9508474216203238	2.441114362483428	2.441114362483428
FBgn0034802-1.fa	654	1.483202595248534	1.950085780281225	1.950085780281225
FBgn0038088-1.fa	334	1.0000003976688964e-06	0.05388587320332936	0.05388587320332936
FBgn0027453-1.fa	480	1.0000139172389337e-06	2.73480654322111	2.73480654322111
FBgn0037900-1.fa	298	1.000000023588817e-06	1.0000001399038144e-06	1.0000001399038144e-06
FBgn0001977-1.fa	370	1.0407137452043083	5.267797465978171	5.267797465978171
FBgn0031904-0.fa	386	2.8647357162559737	1.0392082051316207	1.0392082051316207
FBgn0039358-0.fa	334	1.0000000907802927e-06	1.4587750414906462	1.4587750414906462
FBgn0037653-0.fa	322	1.2822778586897547	2.818780655249804	2.818780655249804
FBgn0032702-1.fa	362	1.182355329000356	1.1232688490108647	1.1232688490108647
FBgn0033610-0.fa	316	1.0000002367055174e-06	1.0000004120177923e-06	1.0000004120177923e-06
FBgn0050344-1.fa	336	2.6217713202302693	2.52026459714342	2.52026459714342
FBgn0259985-1.fa	524	13.279007319837978	24.508089471493808	24.508089471493808
FBgn0034182-0.fa	300	0.6888877984435401	0.5423074298291378	0.5423074298291378
FBgn0259785-0.fa	396	1.0720741771620106	1.7538913811836703	1.7538913811836703
FBgn0042138-0.fa	544	0.6811948351534814	1.000001026168513e-06	1.000001026168513e-06
FBgn0038837-1.fa	602	1.6544378433133728	3.004733111859351	3.004733111859351
